"knapsack","kegg"
"C00000001","C00859"
"C00000002","C03175"
"C00000003","C01699"
"C00000004","C11864"
"C00000005","C11871"
"C00000006","C11856"
"C00000007","C11867"
"C00000008","C03579"
"C00000009","C11863"
"C00000010","C01533"
"C00000012","C11857"
"C00000014","C11858"
"C00000015","C14162"
"C00000019","C02034"
"C00000020","C02035"
"C00000024","C11861"
"C00000029","C06096"
"C00000034","C11868"
"C00000036","C11862"
"C00000037","C14161"
"C00000044","C12308"
"C00000051","C11865"
"C00000053","C06094"
"C00000091","C00371"
"C00000092","C11263"
"C00000093","C02029"
"C00000094","C04083"
"C00000095","C16449"
"C00000096","C16431"
"C00000100","C00954"
"C00000104","C05635"
"C00000107","C02938"
"C00000108","C02693"
"C00000109","C00637"
"C00000110","C02937"
"C00000112","C08493"
"C00000114","C00955"
"C00000116","C11284"
"C00000118","C03414"
"C00000123","C00631"
"C00000125","C05837"
"C00000126","C08424"
"C00000127","C08422"
"C00000128","C08423"
"C00000134","C06082"
"C00000135","C00809"
"C00000136","C09844"
"C00000144","C03840"
"C00000148","C02904"
"C00000150","C05607"
"C00000151","C01546"
"C00000152","C00811"
"C00000155","C09908"
"C00000156","C09840"
"C00000158","C08774"
"C00000163","C09663"
"C00000164","C09664"
"C00000170","C00423"
"C00000171","C10667"
"C00000172","C09286"
"C00000173","C09301"
"C00000175","C06547"
"C00000176","C08814"
"C00000180","C11049"
"C00000181","C15794"
"C00000185","C15793"
"C00000186","C15791"
"C00000199","C15802"
"C00000206","C00805"
"C00000207","C00180"
"C00000207","C03096"
"C00000208","C00253"
"C00000209","C00153"
"C00000210","C00408"
"C00000212","C10268"
"C00000215","C17097"
"C00000217","C10262"
"C00000218","C08491"
"C00000219","C11512"
"C00000235","C09474"
"C00000238","C09354"
"C00000239","C09302"
"C00000240","C09358"
"C00000248","C16993"
"C00000256","C08980"
"C00000257","C02920"
"C00000258","C10331"
"C00000264","C09172"
"C00000270","C09138"
"C00000275","C09173"
"C00000276","C09104"
"C00000277","C09105"
"C00000278","C09174"
"C00000297","C09305"
"C00000300","C09312"
"C00000301","C07090"
"C00000303","C08502"
"C00000304","C01892"
"C00000305","C04371"
"C00000310","C09582"
"C00000311","C09402"
"C00000312","C09403"
"C00000313","C09602"
"C00000316","C09072"
"C00000318","C06593"
"C00000320","C09781"
"C00000321","C09780"
"C00000325","C10246"
"C00000328","C08398"
"C00000333","C12105"
"C00000334","C09822"
"C00000336","C12101"
"C00000339","C12098"
"C00000345","C12103"
"C00000349","C12100"
"C00000351","C08497"
"C00000353","C16310"
"C00000356","C08492"
"C00000365","C01226"
"C00000366","C04780"
"C00000367","C16790"
"C00000379","C05346"
"C00000388","C00219"
"C00000392","C08314"
"C00000393","C14827"
"C00000394","C04717"
"C00000398","C08318"
"C00000400","C05966"
"C00000403","C14762"
"C00000405","C16300"
"C00000408","C06428"
"C00000413","C14810"
"C00000420","C14779"
"C00000422","C04822"
"C00000423","C04805"
"C00000424","C14777"
"C00000424","C14822"
"C00000425","C14780"
"C00000438","C12083"
"C00000446","C16317"
"C00000448","C16320"
"C00000486","C02657"
"C00000487","C01839"
"C00000546","C06800"
"C00000547","C07074"
"C00000548","C04033"
"C00000551","C03830"
"C00000554","C02379"
"C00000555","C10343"
"C00000563","C00961"
"C00000564","C13963"
"C00000565","C01844"
"C00000567","C16785"
"C00000568","C10315"
"C00000570","C01448"
"C00000571","C15504"
"C00000572","C00495"
"C00000575","C01557"
"C00000576","C01864"
"C00000580","C00811"
"C00000581","C00758"
"C00000582","C00841"
"C00000583","C02162"
"C00000584","C09276"
"C00000588","C10690"
"C00000591","C10651"
"C00000599","C10725"
"C00000600","C10891"
"C00000601","C10882"
"C00000602","C10646"
"C00000606","C10682"
"C00000609","C10545"
"C00000610","C10874"
"C00000612","C10886"
"C00000613","C02646"
"C00000614","C00590"
"C00000615","C01197"
"C00000615","C01481"
"C00000619","C10453"
"C00000620","C10469"
"C00000634","C10873"
"C00000640","C10561"
"C00000642","C10894"
"C00000649","C16226"
"C00000650","C16228"
"C00000651","C10516"
"C00000660","C02717"
"C00000671","C10554"
"C00000674","C01514"
"C00000677","C01617"
"C00000693","C10719"
"C00000700","C10633"
"C00000701","C10636"
"C00000705","C10547"
"C00000706","C10746"
"C00000719","C10638"
"C00000722","C10628"
"C00000725","C10658"
"C00000727","C10877"
"C00000730","C11355"
"C00000733","C00251"
"C00000734","C00885"
"C00000735","C05821"
"C00000736","C03657"
"C00000737","C04171"
"C00000740","C12110"
"C00000743","C02730"
"C00000750","C07086"
"C00000751","C00166"
"C00000752","C12053"
"C00000753","C12054"
"C00000754","C16241"
"C00000756","C00120"
"C00000757","C01909"
"C00000758","C01092"
"C00000759","C01037"
"C00000760","C04628"
"C00000761","C03576"
"C00000762","C03920"
"C00000763","C00593"
"C00000764","C05528"
"C00000768","C16594"
"C00000769","C00026"
"C00000770","C00322"
"C00000771","C16588"
"C00000772","C16593"
"C00000773","C16589"
"C00000775","C00378"
"C00000776","C03351"
"C00000778","C05557"
"C00000780","C06564"
"C00000782","C06457"
"C00000783","C06367"
"C00000789","C06454"
"C00000791","C06455"
"C00000797","C04650"
"C00000797","C05042"
"C00000798","C00074"
"C00000799","C03167"
"C00000800","C06456"
"C00000801","C02798"
"C00000803","C00521"
"C00000804","C09906"
"C00000805","C09880"
"C00000806","C06307"
"C00000807","C01767"
"C00000809","C02485"
"C00000810","C00400"
"C00000811","C00843"
"C00000814","C00964"
"C00000815","C01123"
"C00000816","C09882"
"C00000818","C06304"
"C00000819","C00808"
"C00000820","C11951"
"C00000823","C06078"
"C00000825","C00553"
"C00000827","C09893"
"C00000828","C01868"
"C00000830","C02462"
"C00000831","C02213"
"C00000832","C05308"
"C00000833","C05308"
"C00000834","C02108"
"C00000839","C09839"
"C00000842","C11338"
"C00000844","C09849"
"C00000844","C11386"
"C00000845","C01500"
"C00000846","C00341"
"C00000848","C00129"
"C00000850","C09870"
"C00000852","C05848"
"C00000853","C06074"
"C00000854","C04165"
"C00000855","C09871"
"C00000856","C00156"
"C00000861","C06075"
"C00000864","C01414"
"C00000868","C11878"
"C00000869","C11887"
"C00000870","C11882"
"C00000871","C06087"
"C00000873","C06088"
"C00000876","C11901"
"C00000877","C11875"
"C00000880","C06089"
"C00000881","C11874"
"C00000883","C11877"
"C00000886","C06093"
"C00000894","C09183"
"C00000899","C11902"
"C00000900","C11894"
"C00000901","C15537"
"C00000905","C05421"
"C00000907","C00448"
"C00000908","C00353"
"C00000909","C15858"
"C00000911","C05432"
"C00000912","C05431"
"C00000914","C15903"
"C00000916","C06451"
"C00000917","C15968"
"C00000918","C08580"
"C00000919","C02094"
"C00000920","C08591"
"C00000922","C08583"
"C00000923","C15898"
"C00000925","C08592"
"C00000926","C05435"
"C00000927","C15892"
"C00000928","C15895"
"C00000929","C15967"
"C00000930","C15900"
"C00000931","C06098"
"C00000932","C15969"
"C00000934","C05430"
"C00000935","C09318"
"C00000936","C09319"
"C00000937","C09320"
"C00000938","C02906"
"C00000940","C09471"
"C00000942","C09479"
"C00000943","C09505"
"C00000944","C09524"
"C00000945","C09614"
"C00000946","C09616"
"C00000947","C06562"
"C00000950","C09641"
"C00000952","C09646"
"C00000953","C09650"
"C00000954","C09724"
"C00000955","C09726"
"C00000956","C09727"
"C00000957","C09728"
"C00000958","C09731"
"C00000960","C05631"
"C00000962","C09736"
"C00000963","C01378"
"C00000964","C09751"
"C00000965","C09752"
"C00000967","C09754"
"C00000968","C01709"
"C00000969","C09756"
"C00000970","C09755"
"C00000971","C09757"
"C00000972","C09758"
"C00000973","C05334"
"C00000974","C09759"
"C00000975","C09760"
"C00000976","C09761"
"C00000977","C09762"
"C00000978","C09763"
"C00000979","C09764"
"C00000981","C09774"
"C00000982","C00509"
"C00000983","C09789"
"C00000984","C09793"
"C00000986","C09805"
"C00000987","C09806"
"C00000988","C09807"
"C00000989","C09808"
"C00000990","C01604"
"C00000991","C09826"
"C00000992","C09827"
"C00000993","C09828"
"C00000994","C09829"
"C00000995","C09830"
"C00000996","C09831"
"C00000997","C09832"
"C00000998","C09099"
"C00000999","C09833"
"C00001000","C09834"
"C00001001","C09835"
"C00001002","C08600"
"C00001003","C07610"
"C00001004","C08717"
"C00001005","C08719"
"C00001006","C09939"
"C00001009","C09970"
"C00001010","C09972"
"C00001012","C09978"
"C00001014","C10017"
"C00001015","C10018"
"C00001016","C10019"
"C00001017","C04608"
"C00001019","C04858"
"C00001022","C10023"
"C00001024","C10025"
"C00001026","C10027"
"C00001028","C10029"
"C00001029","C04293"
"C00001031","C10031"
"C00001033","C10033"
"C00001034","C10034"
"C00001035","C10035"
"C00001036","C10038"
"C00001039","C10042"
"C00001040","C10043"
"C00001040","C15608"
"C00001042","C10045"
"C00001043","C10046"
"C00001044","C10048"
"C00001045","C10049"
"C00001046","C10050"
"C00001048","C02806"
"C00001049","C10057"
"C00001050","C10058"
"C00001051","C10068"
"C00001053","C10078"
"C00001054","C10079"
"C00001055","C01821"
"C00001058","C05990"
"C00001059","C01714"
"C00001060","C10098"
"C00001062","C05902"
"C00001063","C10099"
"C00001064","C10100"
"C00001067","C10103"
"C00001068","C10104"
"C00001070","C10106"
"C00001071","C10107"
"C00001075","C10111"
"C00001076","C10112"
"C00001077","C10113"
"C00001078","C10114"
"C00001079","C10115"
"C00001085","C10121"
"C00001092","C10177"
"C00001094","C10179"
"C00001096","C10180"
"C00001098","C10182"
"C00001099","C10183"
"C00001100","C10185"
"C00001102","C10187"
"C00001104","C10189"
"C00001105","C10190"
"C00001110","C01460"
"C00001111","C10197"
"C00001112","C08346"
"C00001113","C02479"
"C00001114","C08234"
"C00001115","C01801"
"C00001115","C08347"
"C00001116","C08235"
"C00001117","C00095"
"C00001117","C02336"
"C00001117","C10906"
"C00001118","C01018"
"C00001119","C00984"
"C00001120","C00333"
"C00001121","C08349"
"C00001122","C00031"
"C00001122","C00267"
"C00001123","C00191"
"C00001123","C08350"
"C00001123","C16245"
"C00001124","C01906"
"C00001124","C08351"
"C00001126","C00159"
"C00001126","C00936"
"C00001127","C08237"
"C00001128","C08352"
"C00001129","C02476"
"C00001131","C00309"
"C00001131","C05052"
"C00001131","C08354"
"C00001132","C02076"
"C00001133","C08238"
"C00001134","C00185"
"C00001134","C06422"
"C00001135","C08239"
"C00001136","C00243"
"C00001137","C02048"
"C00001138","C08241"
"C00001139","C08242"
"C00001140","C00208"
"C00001141","C08243"
"C00001142","C05402"
"C00001143","C08244"
"C00001144","C03848"
"C00001145","C00492"
"C00001146","C08246"
"C00001147","C08247"
"C00001148","C08248"
"C00001149","C08250"
"C00001150","C01613"
"C00001151","C00089"
"C00001152","C01083"
"C00001153","C08251"
"C00001154","C08252"
"C00001155","C01625"
"C00001156","C01904"
"C00001158","C04234"
"C00001159","C08254"
"C00001160","C01697"
"C00001161","C00503"
"C00001162","C01235"
"C00001163","C00116"
"C00001164","C00137"
"C00001165","C00392"
"C00001167","C08255"
"C00001168","C03844"
"C00001169","C08257"
"C00001170","C08258"
"C00001171","C00474"
"C00001172","C03365"
"C00001173","C00794"
"C00001174","C08259"
"C00001175","C08260"
"C00001176","C00033"
"C00001177","C00417"
"C00001178","C06104"
"C00001179","C00072"
"C00001180","C00246"
"C00001181","C00815"
"C00001181","C02614"
"C00001182","C00058"
"C00001183","C00122"
"C00001184","C00489"
"C00001185","C00258"
"C00001186","C00048"
"C00001187","C03761"
"C00001188","C00311"
"C00001188","C00451"
"C00001189","C08262"
"C00001191","C00186"
"C00001192","C00149"
"C00001193","C00383"
"C00001194","C08276"
"C00001195","C00418"
"C00001195","C02104"
"C00001196","C06108"
"C00001197","C00036"
"C00001198","C00209"
"C00001199","C02656"
"C00001200","C00022"
"C00001201","C00296"
"C00001202","C08277"
"C00001203","C00493"
"C00001204","C08278"
"C00001205","C00042"
"C00001206","C00898"
"C00001207","C08279"
"C00001208","C00803"
"C00001209","C06425"
"C00001211","C08281"
"C00001212","C08282"
"C00001213","C01571"
"C00001214","C08314"
"C00001215","C06428"
"C00001216","C08315"
"C00001217","C08316"
"C00001218","C01585"
"C00001219","C08317"
"C00001221","C02679"
"C00001222","C08319"
"C00001223","C08320"
"C00001224","C01595"
"C00001226","C06426"
"C00001227","C08321"
"C00001228","C06424"
"C00001229","C08322"
"C00001230","C08323"
"C00001231","C06423"
"C00001232","C00712"
"C00001233","C00249"
"C00001234","C08362"
"C00001235","C08363"
"C00001236","C08364"
"C00001237","C08365"
"C00001238","C01530"
"C00001239","C08366"
"C00001240","C08367"
"C00001241","C08368"
"C00001242","C07600"
"C00001243","C08369"
"C00001244","C08370"
"C00001245","C08371"
"C00001246","C08372"
"C00001247","C08373"
"C00001248","C08374"
"C00001249","C08375"
"C00001250","C08376"
"C00001251","C08377"
"C00001252","C08378"
"C00001253","C08379"
"C00001254","C08380"
"C00001255","C08381"
"C00001256","C08382"
"C00001257","C08383"
"C00001258","C00409"
"C00001259","C00829"
"C00001260","C08384"
"C00001261","C08385"
"C00001262","C08386"
"C00001263","C08387"
"C00001264","C00756"
"C00001265","C08388"
"C00001266","C08389"
"C00001267","C08390"
"C00001268","C08391"
"C00001269","C08392"
"C00001270","C08393"
"C00001271","C08394"
"C00001272","C08395"
"C00001273","C08396"
"C00001274","C08397"
"C00001276","C08399"
"C00001277","C08402"
"C00001278","C07289"
"C00001279","C08445"
"C00001280","C08446"
"C00001281","C08447"
"C00001282","C08448"
"C00001283","C08449"
"C00001284","C08450"
"C00001285","C08451"
"C00001286","C08452"
"C00001287","C08453"
"C00001288","C08454"
"C00001289","C08455"
"C00001290","C08456"
"C00001291","C08457"
"C00001292","C08458"
"C00001293","C08459"
"C00001294","C08460"
"C00001295","C08461"
"C00001296","C08462"
"C00001297","C08463"
"C00001298","C08464"
"C00001299","C08465"
"C00001300","C08466"
"C00001301","C08467"
"C00001302","C08470"
"C00001303","C08471"
"C00001304","C08476"
"C00001305","C08482"
"C00001306","C08483"
"C00001307","C08484"
"C00001308","C00849"
"C00001309","C08486"
"C00001310","C08487"
"C00001311","C08488"
"C00001312","C08489"
"C00001313","C08490"
"C00001316","C08498"
"C00001317","C08499"
"C00001318","C08501"
"C00001319","C08503"
"C00001320","C08505"
"C00001321","C08509"
"C00001322","C08512"
"C00001323","C08545"
"C00001324","C08546"
"C00001325","C08553"
"C00001326","C08558"
"C00001327","C08561"
"C00001328","C08570"
"C00001329","C08571"
"C00001330","C08572"
"C00001331","C02983"
"C00001332","C00041"
"C00001333","C00099"
"C00001334","C08263"
"C00001335","C08264"
"C00001336","C08265"
"C00001337","C00334"
"C00001338","C08266"
"C00001339","C04209"
"C00001340","C00062"
"C00001341","C00152"
"C00001342","C00049"
"C00001343","C08267"
"C00001344","C08268"
"C00001345","C08269"
"C00001346","C08270"
"C00001347","C00308"
"C00001348","C00327"
"C00001349","C08271"
"C00001350","C02512"
"C00001351","C00097"
"C00001351","C00736"
"C00001352","C00491"
"C00001353","C03283"
"C00001354","C08273"
"C00001355","C04022"
"C00001356","C08275"
"C00001357","C00355"
"C00001358","C00025"
"C00001358","C00302"
"C00001359","C00064"
"C00001359","C00303"
"C00001360","C08280"
"C00001361","C00037"
"C00001363","C00135"
"C00001363","C00768"
"C00001364","C01924"
"C00001365","C00155"
"C00001366","C00263"
"C00001367","C08283"
"C00001368","C08284"
"C00001369","C08286"
"C00001370","C01015"
"C00001370","C01157"
"C00001371","C00643"
"C00001371","C01017"
"C00001372","C08287"
"C00001373","C08288"
"C00001374","C00407"
"C00001375","C08289"
"C00001376","C08290"
"C00001377","C00123"
"C00001378","C00047"
"C00001379","C00073"
"C00001380","C08291"
"C00001381","C08292"
"C00001382","C08293"
"C00001383","C04771"
"C00001384","C00077"
"C00001384","C01602"
"C00001385","C08294"
"C00001386","C00079"
"C00001388","C00148"
"C00001389","C08295"
"C00001390","C01162"
"C00001391","C08296"
"C00001392","C08297"
"C00001393","C00065"
"C00001393","C00716"
"C00001394","C00188"
"C00001395","C08298"
"C00001396","C00078"
"C00001396","C00806"
"C00001397","C00082"
"C00001397","C01536"
"C00001398","C00183"
"C00001399","C03584"
"C00001400","C00179"
"C00001401","C00568"
"C00001402","C08299"
"C00001403","C01672"
"C00001404","C00436"
"C00001405","C08300"
"C00001406","C08301"
"C00001407","C08302"
"C00001408","C03758"
"C00001409","C01575"
"C00001410","C08303"
"C00001411","C08304"
"C00001412","C08305"
"C00001413","C08306"
"C00001414","C00388"
"C00001415","C08307"
"C00001416","C08308"
"C00001417","C06199"
"C00001418","C00463"
"C00001419","C06546"
"C00001420","C08309"
"C00001421","C08310"
"C00001422","C07473"
"C00001423","C08311"
"C00001424","C00547"
"C00001425","C04227"
"C00001426","C05332"
"C00001427","C08312"
"C00001428","C00134"
"C00001429","C00780"
"C00001430","C08313"
"C00001431","C00315"
"C00001432","C00750"
"C00001433","C00565"
"C00001433","C04629"
"C00001434","C00398"
"C00001435","C00483"
"C00001436","C08324"
"C00001437","C08325"
"C00001438","C08326"
"C00001439","C08327"
"C00001440","C08328"
"C00001441","C08329"
"C00001442","C05143"
"C00001443","C08330"
"C00001444","C08331"
"C00001445","C08332"
"C00001446","C01594"
"C00001447","C08333"
"C00001448","C08334"
"C00001449","C08335"
"C00001450","C08336"
"C00001451","C08337"
"C00001452","C08338"
"C00001453","C08339"
"C00001454","C00844"
"C00001455","C08340"
"C00001456","C08341"
"C00001457","C08342"
"C00001458","C01870"
"C00001459","C08344"
"C00001460","C08345"
"C00001463","C08403"
"C00001465","C08404"
"C00001466","C08405"
"C00001467","C08406"
"C00001468","C08407"
"C00001469","C08408"
"C00001471","C08410"
"C00001473","C08412"
"C00001474","C08413"
"C00001475","C08414"
"C00001477","C08416"
"C00001479","C08418"
"C00001481","C08420"
"C00001486","C08425"
"C00001487","C08426"
"C00001488","C08427"
"C00001489","C08428"
"C00001490","C00147"
"C00001491","C00002"
"C00001492","C07481"
"C00001493","C08429"
"C00001494","C08430"
"C00001495","C08431"
"C00001496","C08432"
"C00001497","C00575"
"C00001498","C00380"
"C00001500","C00016"
"C00001501","C00242"
"C00001502","C00262"
"C00001504","C08272"
"C00001507","C01610"
"C00001508","C02067"
"C00001509","C07480"
"C00001510","C07130"
"C00001511","C00178"
"C00001513","C00106"
"C00001514","C00029"
"C00001515","C08437"
"C00001516","C08438"
"C00001517","C05086"
"C00001518","C00051"
"C00001519","C08439"
"C00001520","C08440"
"C00001521","C08441"
"C00001523","C08443"
"C00001524","C08468"
"C00001525","C01550"
"C00001526","C08469"
"C00001527","C08472"
"C00001528","C05306"
"C00001530","C00919"
"C00001531","C08473"
"C00001532","C08474"
"C00001533","C08475"
"C00001534","C02823"
"C00001535","C01418"
"C00001536","C08477"
"C00001537","C08478"
"C00001538","C04831"
"C00001538","C15768"
"C00001539","C00504"
"C00001540","C05663"
"C00001540","C08480"
"C00001541","C08481"
"C00001542","C08494"
"C00001543","C08495"
"C00001544","C04020"
"C00001545","C08504"
"C00001546","C08506"
"C00001547","C08507"
"C00001548","C01682"
"C00001549","C04137"
"C00001550","C00864"
"C00001551","C00314"
"C00001552","C00255"
"C00001553","C08510"
"C00001554","C08511"
"C00001555","C01004"
"C00001557","C08513"
"C00001558","C08514"
"C00001559","C08515"
"C00001560","C08516"
"C00001561","C08517"
"C00001562","C08518"
"C00001563","C08519"
"C00001564","C08520"
"C00001565","C08521"
"C00001566","C08522"
"C00001567","C08523"
"C00001568","C08524"
"C00001569","C08525"
"C00001570","C08526"
"C00001571","C08527"
"C00001572","C08528"
"C00001573","C08529"
"C00001574","C08530"
"C00001575","C08531"
"C00001576","C08532"
"C00001577","C08533"
"C00001578","C08534"
"C00001579","C08535"
"C00001580","C08536"
"C00001581","C08537"
"C00001582","C08538"
"C00001583","C08539"
"C00001584","C08540"
"C00001585","C08541"
"C00001586","C08542"
"C00001587","C08543"
"C00001588","C08544"
"C00001589","C08547"
"C00001590","C08548"
"C00001591","C08549"
"C00001592","C08550"
"C00001593","C08551"
"C00001594","C08552"
"C00001595","C08554"
"C00001596","C08555"
"C00001597","C08556"
"C00001598","C08557"
"C00001599","C08559"
"C00001600","C08560"
"C00001601","C08562"
"C00001602","C08563"
"C00001603","C08564"
"C00001604","C08565"
"C00001605","C08566"
"C00001606","C08567"
"C00001607","C08568"
"C00001608","C08569"
"C00001609","C08654"
"C00001610","C08655"
"C00001611","C06091"
"C00001612","C08656"
"C00001613","C08657"
"C00001614","C08658"
"C00001615","C08659"
"C00001616","C08660"
"C00001617","C08661"
"C00001618","C08662"
"C00001619","C08663"
"C00001620","C08664"
"C00001621","C08665"
"C00001622","C08666"
"C00001623","C08667"
"C00001624","C08668"
"C00001625","C08669"
"C00001626","C08670"
"C00001627","C08671"
"C00001628","C08672"
"C00001629","C08673"
"C00001630","C08674"
"C00001631","C08675"
"C00001632","C08676"
"C00001633","C08677"
"C00001634","C08678"
"C00001635","C08679"
"C00001636","C08680"
"C00001637","C08681"
"C00001638","C08682"
"C00001639","C08683"
"C00001640","C08684"
"C00001641","C08685"
"C00001642","C08686"
"C00001643","C08687"
"C00001644","C08688"
"C00001645","C08689"
"C00001646","C08690"
"C00001647","C08691"
"C00001648","C08692"
"C00001649","C08693"
"C00001650","C08694"
"C00001651","C08695"
"C00001652","C08696"
"C00001653","C08697"
"C00001654","C08698"
"C00001655","C08699"
"C00001656","C08700"
"C00001657","C08701"
"C00001658","C08702"
"C00001659","C08703"
"C00001660","C08704"
"C00001661","C08705"
"C00001662","C08706"
"C00001663","C08707"
"C00001664","C08708"
"C00001665","C08709"
"C00001666","C08710"
"C00001667","C08711"
"C00001668","C08712"
"C00001669","C08713"
"C00001670","C08714"
"C00001671","C08715"
"C00001672","C06092"
"C00001673","C09019"
"C00001674","C09020"
"C00001675","C09021"
"C00001676","C09022"
"C00001677","C09023"
"C00001678","C09024"
"C00001679","C06542"
"C00001680","C09025"
"C00001681","C09026"
"C00001682","C09027"
"C00001683","C09028"
"C00001684","C08433"
"C00001685","C09032"
"C00001686","C09033"
"C00001687","C09034"
"C00001688","C09035"
"C00001689","C09036"
"C00001690","C09037"
"C00001691","C09052"
"C00001692","C09054"
"C00001693","C09082"
"C00001694","C09083"
"C00001695","C09084"
"C00001696","C10904"
"C00001697","C09085"
"C00001698","C09088"
"C00001699","C09089"
"C00001700","C09097"
"C00001701","C09098"
"C00001702","C09100"
"C00001703","C09106"
"C00001704","C09107"
"C00001705","C09129"
"C00001706","C09130"
"C00001707","C09131"
"C00001708","C09133"
"C00001709","C09139"
"C00001710","C09142"
"C00001711","C09144"
"C00001712","C06541"
"C00001713","C09146"
"C00001714","C09149"
"C00001715","C09152"
"C00001716","C09154"
"C00001717","C06068"
"C00001718","C09160"
"C00001719","C09162"
"C00001720","C09164"
"C00001721","C07545"
"C00001722","C07543"
"C00001723","C09167"
"C00001724","C07544"
"C00001725","C09170"
"C00001726","C09176"
"C00001727","C09187"
"C00001728","C09191"
"C00001729","C09193"
"C00001730","C09195"
"C00001731","C09197"
"C00001732","C09200"
"C00001733","C09203"
"C00001734","C09207"
"C00001735","C06536"
"C00001736","C09209"
"C00001737","C06538"
"C00001738","C09211"
"C00001739","C09212"
"C00001740","C09213"
"C00001741","C09214"
"C00001742","C09215"
"C00001743","C09218"
"C00001744","C09219"
"C00001745","C09220"
"C00001746","C09221"
"C00001747","C09222"
"C00001748","C09223"
"C00001749","C09224"
"C00001750","C09225"
"C00001751","C09226"
"C00001752","C09227"
"C00001753","C09228"
"C00001754","C09229"
"C00001755","C09230"
"C00001756","C09231"
"C00001757","C06535"
"C00001758","C09232"
"C00001759","C09233"
"C00001760","C09234"
"C00001761","C09235"
"C00001762","C06540"
"C00001763","C06539"
"C00001764","C09236"
"C00001765","C09237"
"C00001766","C09238"
"C00001767","C09239"
"C00001768","C09240"
"C00001769","C09241"
"C00001770","C06522"
"C00001771","C09242"
"C00001772","C09274"
"C00001773","C09244"
"C00001774","C09243"
"C00001775","C09245"
"C00001776","C09246"
"C00001777","C09247"
"C00001778","C09248"
"C00001779","C09249"
"C00001780","C09250"
"C00001781","C07201"
"C00001782","C09251"
"C00001783","C07204"
"C00001784","C01626"
"C00001785","C09252"
"C00001786","C09253"
"C00001787","C09254"
"C00001788","C09255"
"C00001789","C09256"
"C00001790","C09322"
"C00001791","C09323"
"C00001792","C09324"
"C00001793","C09325"
"C00001794","C09326"
"C00001795","C09327"
"C00001796","C09328"
"C00001797","C09329"
"C00001798","C09330"
"C00001799","C02134"
"C00001800","C09331"
"C00001801","C09333"
"C00001802","C09334"
"C00001803","C09335"
"C00001804","C09336"
"C00001805","C09337"
"C00001806","C09338"
"C00001807","C09339"
"C00001808","C09340"
"C00001809","C09341"
"C00001810","C09342"
"C00001811","C06514"
"C00001812","C09343"
"C00001813","C09347"
"C00001814","C11141"
"C00001815","C09348"
"C00001816","C09352"
"C00001817","C09357"
"C00001818","C09360"
"C00001819","C00757"
"C00001820","C09364"
"C00001821","C06327"
"C00001822","C09365"
"C00001823","C09366"
"C00001824","C09367"
"C00001825","C09368"
"C00001826","C09369"
"C00001828","C09370"
"C00001829","C09371"
"C00001830","C09372"
"C00001831","C09375"
"C00001832","C09377"
"C00001833","C09380"
"C00001834","C09389"
"C00001835","C09390"
"C00001836","C09391"
"C00001837","C06174"
"C00001838","C09393"
"C00001839","C09398"
"C00001840","C09400"
"C00001841","C09410"
"C00001842","C09411"
"C00001843","C09415"
"C00001844","C09418"
"C00001845","C09419"
"C00001846","C06347"
"C00001847","C05191"
"C00001848","C09420"
"C00001849","C09421"
"C00001850","C09422"
"C00001851","C09423"
"C00001852","C09424"
"C00001853","C06531"
"C00001854","C06532"
"C00001855","C09426"
"C00001856","C09430"
"C00001857","C09438"
"C00001858","C09441"
"C00001859","C09444"
"C00001860","C09445"
"C00001861","C09446"
"C00001862","C09457"
"C00001863","C09458"
"C00001864","C09459"
"C00001865","C09460"
"C00001866","C09461"
"C00001867","C09462"
"C00001868","C09464"
"C00001869","C09541"
"C00001870","C09543"
"C00001871","C09546"
"C00001872","C09549"
"C00001873","C09550"
"C00001874","C09553"
"C00001875","C09555"
"C00001876","C09558"
"C00001877","C09565"
"C00001878","C09567"
"C00001879","C09569"
"C00001880","C09571"
"C00001881","C09573"
"C00001882","C09575"
"C00001883","C06165"
"C00001884","C09580"
"C00001885","C09581"
"C00001886","C09588"
"C00001887","C09589"
"C00001888","C09590"
"C00001889","C01516"
"C00001890","C09591"
"C00001891","C09592"
"C00001892","C09593"
"C00001893","C09594"
"C00001894","C09595"
"C00001895","C09596"
"C00001896","C09597"
"C00001897","C09598"
"C00001898","C05315"
"C00001899","C06533"
"C00001900","C09599"
"C00001901","C09604"
"C00001902","C09608"
"C00001903","C09609"
"C00001904","C09610"
"C00001905","C09611"
"C00001906","C05189"
"C00001907","C09612"
"C00001908","C09613"
"C00001909","C09615"
"C00001910","C02105"
"C00001910","C12328"
"C00001911","C09619"
"C00001912","C09624"
"C00001913","C09634"
"C00001914","C09640"
"C00001915","C09642"
"C00001916","C05179"
"C00001917","C06162"
"C00001918","C09643"
"C00001919","C09654"
"C00001920","C09655"
"C00001921","C09656"
"C00001922","C09659"
"C00001923","C09661"
"C00001924","C06173"
"C00001925","C09667"
"C00001926","C09669"
"C00001927","C07547"
"C00001928","C09670"
"C00001929","C09671"
"C00001930","C09850"
"C00001931","C09851"
"C00001932","C09852"
"C00001933","C09855"
"C00001934","C09856"
"C00001935","C09860"
"C00001936","C09862"
"C00001937","C09864"
"C00001938","C09865"
"C00001939","C09866"
"C00001940","C09867"
"C00001941","C09869"
"C00001942","C09872"
"C00001943","C09874"
"C00001944","C09876"
"C00001945","C09878"
"C00001946","C09879"
"C00001947","C09881"
"C00001948","C09883"
"C00001949","C09886"
"C00001950","C09888"
"C00001951","C09889"
"C00001952","C09890"
"C00001953","C09891"
"C00001954","C09892"
"C00001955","C09895"
"C00001956","C09897"
"C00001957","C09899"
"C00001958","C09901"
"C00001959","C09903"
"C00001960","C09907"
"C00001961","C09910"
"C00001962","C09912"
"C00001963","C09914"
"C00001964","C09915"
"C00001965","C09933"
"C00001966","C09934"
"C00001967","C09935"
"C00001968","C09937"
"C00001969","C09940"
"C00001970","C09943"
"C00001971","C09945"
"C00001972","C09946"
"C00001973","C09949"
"C00001974","C09957"
"C00001975","C09960"
"C00001976","C09961"
"C00001977","C06525"
"C00001978","C09962"
"C00001979","C09984"
"C00001980","C09985"
"C00001981","C09986"
"C00001982","C09987"
"C00001983","C09988"
"C00001984","C09989"
"C00001985","C09990"
"C00001986","C09991"
"C00001987","C09992"
"C00001988","C09993"
"C00001989","C09994"
"C00001990","C09995"
"C00001991","C09996"
"C00001992","C09997"
"C00001993","C09998"
"C00001994","C09999"
"C00001995","C10000"
"C00001996","C10001"
"C00001997","C10002"
"C00001998","C10003"
"C00001999","C10004"
"C00002000","C10005"
"C00002001","C10006"
"C00002002","C10007"
"C00002003","C10008"
"C00002004","C10009"
"C00002005","C10010"
"C00002006","C10011"
"C00002007","C10012"
"C00002008","C10013"
"C00002009","C10014"
"C00002010","C10015"
"C00002011","C10016"
"C00002012","C10123"
"C00002013","C10124"
"C00002014","C10125"
"C00002015","C11357"
"C00002016","C06183"
"C00002016","C11358"
"C00002017","C10126"
"C00002018","C10127"
"C00002019","C10128"
"C00002020","C10129"
"C00002021","C10130"
"C00002022","C10131"
"C00002023","C10132"
"C00002024","C10133"
"C00002025","C10134"
"C00002026","C10135"
"C00002027","C10136"
"C00002028","C02256"
"C00002029","C10137"
"C00002030","C10138"
"C00002031","C06523"
"C00002032","C10139"
"C00002033","C10140"
"C00002034","C06521"
"C00002035","C10141"
"C00002036","C10142"
"C00002037","C10143"
"C00002038","C10144"
"C00002039","C10145"
"C00002040","C10146"
"C00002041","C10147"
"C00002042","C10148"
"C00002043","C10149"
"C00002044","C10150"
"C00002045","C10151"
"C00002046","C06179"
"C00002046","C11359"
"C00002047","C10152"
"C00002048","C10153"
"C00002049","C10154"
"C00002050","C10155"
"C00002051","C10156"
"C00002052","C10157"
"C00002053","C07475"
"C00002054","C10158"
"C00002055","C10159"
"C00002056","C10160"
"C00002057","C00745"
"C00002057","C16150"
"C00002058","C10161"
"C00002059","C10162"
"C00002060","C10163"
"C00002061","C11360"
"C00002062","C06182"
"C00002063","C10164"
"C00002064","C10165"
"C00002065","C03882"
"C00002066","C10166"
"C00002067","C10167"
"C00002068","C10168"
"C00002069","C01526"
"C00002070","C10169"
"C00002071","C10170"
"C00002072","C10171"
"C00002074","C10172"
"C00002075","C10173"
"C00002076","C10174"
"C00002077","C10263"
"C00002078","C10277"
"C00002079","C10278"
"C00002080","C10279"
"C00002081","C10280"
"C00002082","C10282"
"C00002083","C10284"
"C00002084","C10286"
"C00002085","C10299"
"C00002086","C10301"
"C00002087","C10304"
"C00002088","C10319"
"C00002089","C10321"
"C00002090","C10324"
"C00002091","C10326"
"C00002092","C10328"
"C00002093","C10330"
"C00002094","C10333"
"C00002095","C10336"
"C00002096","C10339"
"C00002097","C10341"
"C00002098","C10344"
"C00002099","C10347"
"C00002100","C10348"
"C00002101","C10350"
"C00002102","C10353"
"C00002103","C10356"
"C00002104","C10357"
"C00002105","C10359"
"C00002106","C10361"
"C00002107","C10363"
"C00002108","C06177"
"C00002109","C10364"
"C00002110","C10375"
"C00002111","C10378"
"C00002112","C10380"
"C00002113","C10383"
"C00002114","C10386"
"C00002115","C10388"
"C00002116","C06176"
"C00002117","C10391"
"C00002118","C10393"
"C00002119","C10396"
"C00002120","C10400"
"C00002121","C10403"
"C00002122","C10408"
"C00002123","C10409"
"C00002124","C10410"
"C00002125","C10411"
"C00002126","C10412"
"C00002127","C10413"
"C00002128","C10629"
"C00002129","C10631"
"C00002130","C10632"
"C00002131","C10634"
"C00002132","C10635"
"C00002133","C10637"
"C00002134","C10639"
"C00002135","C10641"
"C00002136","C10642"
"C00002137","C10643"
"C00002138","C10644"
"C00002139","C10645"
"C00002140","C10647"
"C00002141","C10648"
"C00002142","C10649"
"C00002143","C10652"
"C00002144","C10653"
"C00002145","C01897"
"C00002146","C10654"
"C00002147","C11379"
"C00002148","C10655"
"C00002149","C10656"
"C00002150","C10659"
"C00002151","C10660"
"C00002152","C10661"
"C00002153","C10662"
"C00002154","C10663"
"C00002155","C10665"
"C00002156","C10666"
"C00002157","C10668"
"C00002158","C10670"
"C00002159","C10676"
"C00002160","C10677"
"C00002161","C10678"
"C00002162","C10679"
"C00002163","C10681"
"C00002164","C10683"
"C00002165","C10685"
"C00002166","C10686"
"C00002167","C10687"
"C00002168","C10688"
"C00002169","C10689"
"C00002170","C10691"
"C00002171","C10692"
"C00002172","C10694"
"C00002173","C10696"
"C00002174","C10697"
"C00002175","C10698"
"C00002176","C10699"
"C00002177","C10701"
"C00002178","C10703"
"C00002179","C10705"
"C00002180","C10710"
"C00002181","C10711"
"C00002182","C10713"
"C00002183","C10714"
"C00002184","C10716"
"C00002185","C10718"
"C00002186","C10722"
"C00002187","C10724"
"C00002188","C10727"
"C00002189","C10731"
"C00002190","C10732"
"C00002191","C10733"
"C00002192","C10734"
"C00002193","C06526"
"C00002194","C10735"
"C00002195","C10736"
"C00002196","C10738"
"C00002197","C10739"
"C00002198","C10740"
"C00002199","C10741"
"C00002200","C10742"
"C00002201","C10743"
"C00002202","C10744"
"C00002203","C10745"
"C00002204","C10747"
"C00002205","C10748"
"C00002207","C10750"
"C00002208","C10751"
"C00002209","C10752"
"C00002210","C10753"
"C00002211","C10754"
"C00002212","C10755"
"C00002213","C10756"
"C00002214","C10757"
"C00002215","C10758"
"C00002216","C10760"
"C00002217","C10762"
"C00002218","C10763"
"C00002219","C10764"
"C00002220","C10767"
"C00002221","C02621"
"C00002222","C10768"
"C00002223","C10769"
"C00002224","C10771"
"C00002225","C10772"
"C00002226","C10773"
"C00002227","C10774"
"C00002228","C10775"
"C00002229","C10776"
"C00002230","C10777"
"C00002231","C10778"
"C00002232","C10779"
"C00002233","C10780"
"C00002234","C10781"
"C00002235","C10782"
"C00002236","C10783"
"C00002237","C10786"
"C00002238","C10789"
"C00002239","C10790"
"C00002240","C10791"
"C00002241","C10795"
"C00002242","C10796"
"C00002243","C06545"
"C00002244","C10797"
"C00002245","C10798"
"C00002246","C10799"
"C00002247","C10801"
"C00002248","C10803"
"C00002249","C10806"
"C00002250","C10807"
"C00002251","C10808"
"C00002252","C10810"
"C00002253","C10811"
"C00002254","C10813"
"C00002255","C10814"
"C00002256","C10815"
"C00002257","C10816"
"C00002258","C10817"
"C00002259","C10818"
"C00002260","C10819"
"C00002261","C06543"
"C00002262","C10820"
"C00002263","C10821"
"C00002264","C10822"
"C00002265","C10824"
"C00002266","C10825"
"C00002267","C10826"
"C00002268","C10827"
"C00002269","C10828"
"C00002270","C10829"
"C00002271","C10830"
"C00002272","C10831"
"C00002273","C10841"
"C00002274","C10842"
"C00002275","C10843"
"C00002276","C10844"
"C00002277","C01479"
"C00002278","C10845"
"C00002279","C10846"
"C00002280","C10847"
"C00002281","C10849"
"C00002282","C10850"
"C00002283","C10851"
"C00002284","C10852"
"C00002285","C01416"
"C00002286","C10853"
"C00002287","C10854"
"C00002288","C10855"
"C00002289","C10856"
"C00002290","C10857"
"C00002291","C10858"
"C00002292","C01851"
"C00002293","C02046"
"C00002294","C10859"
"C00002295","C10860"
"C00002296","C10861"
"C00002297","C10862"
"C00002298","C10863"
"C00002299","C10864"
"C00002300","C10865"
"C00002301","C02066"
"C00002302","C10866"
"C00002303","C10867"
"C00002304","C10868"
"C00002305","C10848"
"C00002306","C00729"
"C00002307","C10869"
"C00002309","C10564"
"C00002310","C10565"
"C00002311","C10566"
"C00002312","C10567"
"C00002313","C10568"
"C00002314","C10569"
"C00002315","C10570"
"C00002316","C10571"
"C00002317","C10572"
"C00002318","C10573"
"C00002319","C10575"
"C00002320","C10576"
"C00002321","C10577"
"C00002322","C10578"
"C00002323","C10579"
"C00002324","C10580"
"C00002325","C10581"
"C00002326","C10582"
"C00002327","C07592"
"C00002328","C10583"
"C00002329","C10584"
"C00002330","C10585"
"C00002331","C10586"
"C00002332","C10587"
"C00002333","C10588"
"C00002334","C10589"
"C00002335","C10590"
"C00002336","C10591"
"C00002337","C10592"
"C00002338","C10593"
"C00002339","C10594"
"C00002340","C10595"
"C00002341","C10596"
"C00002342","C10597"
"C00002343","C10598"
"C00002344","C10599"
"C00002345","C10600"
"C00002346","C10601"
"C00002347","C10602"
"C00002348","C10603"
"C00002349","C10604"
"C00002350","C10605"
"C00002351","C10606"
"C00002352","C10607"
"C00002353","C10608"
"C00002354","C10609"
"C00002355","C07474"
"C00002356","C10610"
"C00002357","C10611"
"C00002358","C10612"
"C00002359","C10613"
"C00002360","C10614"
"C00002361","C10615"
"C00002362","C10617"
"C00002363","C10618"
"C00002364","C10619"
"C00002365","C07394"
"C00002366","C10620"
"C00002367","C10623"
"C00002368","C10624"
"C00002369","C10625"
"C00002370","C10626"
"C00002371","C08573"
"C00002372","C08598"
"C00002374","C08604"
"C00002376","C04491"
"C00002376","C08620"
"C00002377","C08629"
"C00002378","C08639"
"C00002379","C08641"
"C00002380","C08642"
"C00002381","C08648"
"C00002382","C08649"
"C00002384","C08718"
"C00002385","C08722"
"C00002387","C08725"
"C00002388","C08728"
"C00002390","C08731"
"C00002391","C08732"
"C00002392","C08738"
"C00002393","C08739"
"C00002394","C08740"
"C00002395","C08741"
"C00002396","C08742"
"C00002397","C08743"
"C00002398","C06686"
"C00002399","C08744"
"C00002400","C08745"
"C00002401","C08761"
"C00002402","C08762"
"C00002403","C08844"
"C00002404","C08846"
"C00002405","C08928"
"C00002406","C08929"
"C00002407","C08948"
"C00002408","C08951"
"C00002409","C08974"
"C00002410","C08979"
"C00002411","C08981"
"C00002412","C08992"
"C00002413","C10101"
"C00002414","C08993"
"C00002415","C08994"
"C00002416","C08995"
"C00002417","C08996"
"C00002418","C08997"
"C00002419","C08998"
"C00002420","C08999"
"C00002421","C09000"
"C00002422","C09001"
"C00002423","C09002"
"C00002424","C09003"
"C00002425","C09004"
"C00002426","C09005"
"C00002427","C09006"
"C00002428","C09007"
"C00002429","C09008"
"C00002430","C09009"
"C00002431","C09010"
"C00002432","C09011"
"C00002433","C09012"
"C00002434","C09013"
"C00002435","C08485"
"C00002436","C09014"
"C00002437","C09015"
"C00002438","C09016"
"C00002439","C09017"
"C00002440","C09018"
"C00002441","C09029"
"C00002442","C09030"
"C00002443","C09031"
"C00002444","C09044"
"C00002445","C09047"
"C00002446","C09048"
"C00002447","C09049"
"C00002448","C09053"
"C00002449","C09056"
"C00002450","C09060"
"C00002451","C09116"
"C00002452","C09123"
"C00002453","C09141"
"C00002454","C09147"
"C00002455","C09158"
"C00002456","C09165"
"C00002457","C09181"
"C00002458","C09206"
"C00002459","C09210"
"C00002460","C05851"
"C00002461","C05073"
"C00002462","C03093"
"C00002463","C09216"
"C00002464","C09257"
"C00002465","C09258"
"C00002466","C09259"
"C00002467","C00796"
"C00002468","C09260"
"C00002469","C09261"
"C00002470","C09262"
"C00002471","C09263"
"C00002472","C09264"
"C00002473","C09265"
"C00002474","C09266"
"C00002475","C09267"
"C00002476","C09268"
"C00002477","C09269"
"C00002478","C09270"
"C00002479","C09271"
"C00002480","C09272"
"C00002481","C09273"
"C00002482","C09275"
"C00002484","C09277"
"C00002485","C09278"
"C00002486","C09279"
"C00002487","C05080"
"C00002488","C09280"
"C00002489","C09281"
"C00002490","C09282"
"C00002491","C09283"
"C00002492","C09284"
"C00002493","C09285"
"C00002494","C09307"
"C00002495","C09308"
"C00002496","C09309"
"C00002497","C09310"
"C00002498","C09311"
"C00002499","C01752"
"C00002500","C01527"
"C00002501","C09313"
"C00002502","C09314"
"C00002503","C09315"
"C00002504","C09316"
"C00002505","C09317"
"C00002506","C10198"
"C00002507","C10199"
"C00002508","C10200"
"C00002509","C10201"
"C00002510","C00814"
"C00002511","C10202"
"C00002512","C10203"
"C00002513","C10204"
"C00002514","C10205"
"C00002515","C10206"
"C00002518","C10216"
"C00002519","C10414"
"C00002520","C10415"
"C00002522","C10417"
"C00002523","C10418"
"C00002524","C10419"
"C00002525","C00858"
"C00002526","C06563"
"C00002528","C09126"
"C00002529","C10421"
"C00002530","C01701"
"C00002531","C10422"
"C00002532","C01263"
"C00002533","C10424"
"C00002534","C10425"
"C00002535","C10457"
"C00002536","C10461"
"C00002537","C10464"
"C00002539","C10467"
"C00002540","C10471"
"C00002541","C01590"
"C00002542","C10486"
"C00002543","C10491"
"C00002544","C10495"
"C00002545","C10498"
"C00002546","C10502"
"C00002547","C10503"
"C00002548","C10504"
"C00002549","C10505"
"C00002550","C10506"
"C00002551","C10507"
"C00002552","C10508"
"C00002553","C10509"
"C00002554","C10510"
"C00002555","C10511"
"C00002556","C10512"
"C00002557","C10513"
"C00002558","C05230"
"C00002559","C10514"
"C00002560","C10515"
"C00002561","C10518"
"C00002562","C10519"
"C00002563","C10520"
"C00002564","C10521"
"C00002565","C10522"
"C00002566","C10523"
"C00002568","C07593"
"C00002569","C10525"
"C00002570","C10526"
"C00002571","C10527"
"C00002572","C10529"
"C00002573","C10530"
"C00002574","C10531"
"C00002575","C10532"
"C00002576","C10533"
"C00002577","C10534"
"C00002578","C10535"
"C00002579","C10536"
"C00002580","C10537"
"C00002582","C10539"
"C00002583","C10540"
"C00002584","C00786"
"C00002585","C10541"
"C00002586","C10542"
"C00002588","C10544"
"C00002589","C10546"
"C00002590","C10548"
"C00002591","C10549"
"C00002592","C10550"
"C00002593","C10551"
"C00002594","C10552"
"C00002595","C10553"
"C00002596","C10555"
"C00002597","C10556"
"C00002598","C10557"
"C00002599","C10558"
"C00002600","C10559"
"C00002601","C10560"
"C00002602","C10562"
"C00002603","C10563"
"C00002604","C10574"
"C00002605","C10616"
"C00002606","C10621"
"C00002607","C10622"
"C00002608","C10627"
"C00002609","C10630"
"C00002610","C10640"
"C00002611","C10650"
"C00002612","C10657"
"C00002613","C10707"
"C00002614","C10728"
"C00002615","C10729"
"C00002616","C10730"
"C00002617","C10737"
"C00002618","C10870"
"C00002619","C10871"
"C00002620","C10875"
"C00002621","C10876"
"C00002622","C10878"
"C00002623","C10879"
"C00002624","C10880"
"C00002625","C10881"
"C00002626","C10883"
"C00002627","C10884"
"C00002628","C10885"
"C00002629","C10887"
"C00002630","C10888"
"C00002631","C10889"
"C00002632","C10890"
"C00002633","C10892"
"C00002634","C10893"
"C00002635","C10759"
"C00002636","C10761"
"C00002637","C10765"
"C00002638","C06186"
"C00002639","C10766"
"C00002640","C10770"
"C00002641","C07578"
"C00002642","C10784"
"C00002643","C10785"
"C00002644","C00090"
"C00002644","C15571"
"C00002645","C01468"
"C00002646","C10787"
"C00002647","C01424"
"C00002648","C00628"
"C00002649","C10792"
"C00002650","C10793"
"C00002651","C10794"
"C00002652","C01158"
"C00002653","C10800"
"C00002654","C01502"
"C00002654","C15572"
"C00002655","C10802"
"C00002656","C00530"
"C00002656","C15603"
"C00002657","C00633"
"C00002658","C10804"
"C00002659","C10805"
"C00002660","C06730"
"C00002661","C00727"
"C00002662","C10809"
"C00002663","C05853"
"C00002664","C00146"
"C00002664","C15584"
"C00002665","C02183"
"C00002666","C10812"
"C00002667","C10823"
"C00002668","C00230"
"C00002669","C00196"
"C00002670","C01108"
"C00002671","C01751"
"C00002672","C01451"
"C00002673","C10832"
"C00002674","C10833"
"C00002675","C06972"
"C00002676","C10834"
"C00002677","C10835"
"C00002678","C10836"
"C00002679","C10837"
"C00002680","C10838"
"C00002681","C10839"
"C00002682","C06672"
"C00002683","C00755"
"C00002684","C10840"
"C00002685","C07113"
"C00002686","C10664"
"C00002687","C10669"
"C00002688","C10671"
"C00002689","C11380"
"C00002690","C10672"
"C00002691","C10673"
"C00002692","C10674"
"C00002693","C10675"
"C00002694","C10680"
"C00002695","C10684"
"C00002696","C10693"
"C00002697","C10695"
"C00002698","C10700"
"C00002699","C10702"
"C00002700","C10704"
"C00002701","C10706"
"C00002702","C10708"
"C00002703","C10709"
"C00002704","C10712"
"C00002705","C10715"
"C00002706","C10717"
"C00002707","C10720"
"C00002708","C10721"
"C00002709","C10723"
"C00002710","C10726"
"C00002711","C10426"
"C00002712","C10427"
"C00002713","C10428"
"C00002714","C10429"
"C00002715","C10430"
"C00002716","C10431"
"C00002717","C10432"
"C00002718","C10433"
"C00002719","C03002"
"C00002720","C10434"
"C00002721","C10435"
"C00002722","C10436"
"C00002723","C10437"
"C00002724","C00852"
"C00002725","C00903"
"C00002726","C10439"
"C00002727","C00761"
"C00002728","C02666"
"C00002729","C03549"
"C00002730","C10441"
"C00002731","C10443"
"C00002732","C10444"
"C00002733","C10445"
"C00002734","C10446"
"C00002735","C10447"
"C00002736","C10448"
"C00002737","C10449"
"C00002738","C10450"
"C00002739","C10451"
"C00002740","C10452"
"C00002741","C10454"
"C00002742","C10455"
"C00002743","C01494"
"C00002744","C10456"
"C00002745","C10458"
"C00002746","C10459"
"C00002747","C10460"
"C00002748","C10462"
"C00002749","C10463"
"C00002750","C10466"
"C00002751","C10468"
"C00002752","C10470"
"C00002753","C10472"
"C00002754","C10473"
"C00002755","C10474"
"C00002756","C01198"
"C00002757","C10475"
"C00002758","C10476"
"C00002759","C10477"
"C00002760","C10478"
"C00002761","C10479"
"C00002762","C10480"
"C00002763","C10481"
"C00002764","C10482"
"C00002765","C10483"
"C00002766","C10484"
"C00002767","C10485"
"C00002768","C10487"
"C00002769","C10488"
"C00002770","C01850"
"C00002771","C10490"
"C00002772","C10492"
"C00002773","C10493"
"C00002774","C10494"
"C00002775","C05610"
"C00002776","C00482"
"C00002777","C00933"
"C00002778","C02325"
"C00002779","C10496"
"C00002780","C10497"
"C00002781","C10499"
"C00002782","C10500"
"C00002783","C10501"
"C00002784","C10290"
"C00002785","C01474"
"C00002786","C10291"
"C00002787","C10292"
"C00002788","C10293"
"C00002789","C10294"
"C00002790","C10295"
"C00002791","C10296"
"C00002792","C10297"
"C00002793","C10298"
"C00002794","C10300"
"C00002795","C10302"
"C00002796","C10303"
"C00002797","C10305"
"C00002798","C10306"
"C00002799","C10307"
"C00002800","C10308"
"C00002801","C10309"
"C00002802","C10310"
"C00002803","C10311"
"C00002804","C10312"
"C00002805","C10313"
"C00002806","C10314"
"C00002807","C10316"
"C00002808","C10317"
"C00002809","C10318"
"C00002810","C10320"
"C00002811","C10322"
"C00002812","C10323"
"C00002813","C10325"
"C00002814","C10327"
"C00002815","C10329"
"C00002816","C10332"
"C00002817","C10334"
"C00002818","C10335"
"C00002819","C10337"
"C00002820","C10338"
"C00002821","C10340"
"C00002822","C10342"
"C00002823","C10345"
"C00002824","C10346"
"C00002825","C10349"
"C00002826","C10351"
"C00002827","C10352"
"C00002828","C10354"
"C00002829","C07606"
"C00002830","C10355"
"C00002831","C10358"
"C00002832","C10360"
"C00002833","C10362"
"C00002834","C10365"
"C00002835","C10366"
"C00002836","C10367"
"C00002837","C10368"
"C00002838","C10369"
"C00002839","C10370"
"C00002840","C10371"
"C00002841","C10372"
"C00002842","C10373"
"C00002843","C10374"
"C00002844","C10376"
"C00002845","C10377"
"C00002846","C01938"
"C00002847","C10379"
"C00002848","C10381"
"C00002849","C10382"
"C00002850","C10384"
"C00002851","C10385"
"C00002852","C10387"
"C00002853","C10389"
"C00002854","C10390"
"C00002855","C10392"
"C00002856","C10394"
"C00002857","C10395"
"C00002858","C10397"
"C00002859","C10398"
"C00002860","C10399"
"C00002861","C10401"
"C00002862","C10402"
"C00002863","C10404"
"C00002863","C13940"
"C00002864","C10405"
"C00002865","C10406"
"C00002866","C11378"
"C00002867","C10407"
"C00002868","C02059"
"C00002869","C10244"
"C00002870","C10245"
"C00002871","C10247"
"C00002872","C10248"
"C00002873","C10249"
"C00002874","C10250"
"C00002875","C10251"
"C00002876","C10252"
"C00002877","C10253"
"C00002878","C10254"
"C00002879","C10255"
"C00002880","C10256"
"C00002881","C10258"
"C00002882","C10259"
"C00002883","C10260"
"C00002884","C10261"
"C00002885","C10264"
"C00002886","C10265"
"C00002887","C10266"
"C00002888","C10267"
"C00002889","C10269"
"C00002890","C10270"
"C00002891","C10271"
"C00002892","C10272"
"C00002893","C10273"
"C00002894","C10274"
"C00002895","C05901"
"C00002896","C10275"
"C00002897","C01745"
"C00002898","C10276"
"C00002899","C10281"
"C00002900","C10283"
"C00002901","C10285"
"C00002902","C10287"
"C00002903","C03582"
"C00002904","C10288"
"C00002905","C10289"
"C00002906","C10209"
"C00002907","C10210"
"C00002908","C10211"
"C00002909","C10212"
"C00002910","C10213"
"C00002911","C10214"
"C00002912","C10215"
"C00002913","C10217"
"C00002914","C10218"
"C00002915","C10219"
"C00002916","C10220"
"C00002917","C10221"
"C00002918","C10222"
"C00002919","C10223"
"C00002920","C10224"
"C00002921","C10225"
"C00002922","C10226"
"C00002923","C10227"
"C00002924","C10228"
"C00002925","C10229"
"C00002926","C10230"
"C00002928","C10232"
"C00002929","C10233"
"C00002930","C10234"
"C00002931","C10235"
"C00002932","C10236"
"C00002933","C04576"
"C00002934","C10237"
"C00002935","C10238"
"C00002936","C10239"
"C00002937","C10240"
"C00002938","C10241"
"C00002939","C10242"
"C00002940","C10243"
"C00002941","C10257"
"C00002942","C10052"
"C00002943","C10053"
"C00002944","C10054"
"C00002945","C10055"
"C00002946","C10056"
"C00002947","C10059"
"C00002948","C10060"
"C00002949","C10061"
"C00002950","C10062"
"C00002951","C10063"
"C00002952","C10064"
"C00002953","C10065"
"C00002954","C10066"
"C00002955","C10067"
"C00002956","C10069"
"C00002957","C10070"
"C00002958","C10071"
"C00002959","C10074"
"C00002960","C10075"
"C00002961","C10076"
"C00002962","C10077"
"C00002963","C10080"
"C00002964","C10081"
"C00002965","C10082"
"C00002966","C10083"
"C00002967","C10085"
"C00002968","C10086"
"C00002969","C10087"
"C00002970","C10088"
"C00002971","C10089"
"C00002972","C10090"
"C00002973","C10091"
"C00002974","C10092"
"C00002975","C10093"
"C00002976","C10094"
"C00002977","C10095"
"C00002978","C09916"
"C00002979","C09917"
"C00002980","C09918"
"C00002981","C09919"
"C00002983","C09921"
"C00002984","C09922"
"C00002985","C09923"
"C00002986","C09924"
"C00002987","C09925"
"C00002988","C09926"
"C00002989","C09927"
"C00002990","C09928"
"C00002991","C09929"
"C00002992","C09930"
"C00002993","C09931"
"C00002994","C09932"
"C00002995","C09936"
"C00002996","C09938"
"C00002997","C09941"
"C00002998","C09942"
"C00002999","C09944"
"C00003000","C09947"
"C00003001","C09948"
"C00003002","C09950"
"C00003003","C09951"
"C00003004","C02381"
"C00003005","C09952"
"C00003006","C09953"
"C00003007","C09954"
"C00003008","C09955"
"C00003009","C09956"
"C00003010","C09958"
"C00003011","C09959"
"C00003012","C09963"
"C00003013","C09964"
"C00003014","C09965"
"C00003015","C09966"
"C00003016","C09968"
"C00003017","C09969"
"C00003018","C09971"
"C00003019","C09973"
"C00003020","C09974"
"C00003021","C09976"
"C00003022","C09977"
"C00003023","C09979"
"C00003024","C09980"
"C00003025","C09981"
"C00003026","C09983"
"C00003027","C09836"
"C00003028","C01411"
"C00003029","C06076"
"C00003030","C09841"
"C00003031","C09842"
"C00003032","C09843"
"C00003032","C11394"
"C00003033","C09845"
"C00003034","C09846"
"C00003035","C01499"
"C00003036","C09847"
"C00003037","C09848"
"C00003038","C09849"
"C00003039","C06577"
"C00003040","C06575"
"C00003041","C09853"
"C00003042","C09854"
"C00003043","C06078"
"C00003044","C09858"
"C00003045","C09859"
"C00003046","C09861"
"C00003047","C03985"
"C00003047","C11388"
"C00003048","C09863"
"C00003049","C09868"
"C00003050","C02576"
"C00003051","C09875"
"C00003052","C09877"
"C00003053","C09884"
"C00003054","C09885"
"C00003055","C09887"
"C00003056","C07594"
"C00003057","C09894"
"C00003058","C09896"
"C00003060","C09898"
"C00003061","C09900"
"C00003062","C09904"
"C00003063","C09905"
"C00003064","C09906"
"C00003065","C09909"
"C00003066","C09911"
"C00003067","C09913"
"C00003068","C09765"
"C00003069","C09766"
"C00003070","C09767"
"C00003071","C09768"
"C00003072","C09769"
"C00003073","C09771"
"C00003074","C09772"
"C00003075","C09773"
"C00003076","C09775"
"C00003077","C06071"
"C00003078","C09776"
"C00003079","C09777"
"C00003080","C09778"
"C00003081","C09779"
"C00003082","C09782"
"C00003083","C09783"
"C00003084","C09784"
"C00003085","C09785"
"C00003085","C09804"
"C00003086","C09786"
"C00003087","C09787"
"C00003088","C01433"
"C00003089","C09788"
"C00003090","C09790"
"C00003091","C09791"
"C00003092","C09792"
"C00003093","C09794"
"C00003094","C09795"
"C00003095","C09796"
"C00003096","C09797"
"C00003097","C09798"
"C00003098","C01852"
"C00003099","C09799"
"C00003100","C09800"
"C00003101","C09801"
"C00003102","C09802"
"C00003104","C09622"
"C00003105","C09623"
"C00003106","C09625"
"C00003107","C09626"
"C00003108","C09627"
"C00003109","C09628"
"C00003110","C09629"
"C00003111","C09630"
"C00003112","C09631"
"C00003113","C09632"
"C00003114","C09633"
"C00003115","C09635"
"C00003116","C09637"
"C00003117","C09638"
"C00003118","C09639"
"C00003119","C09645"
"C00003120","C09647"
"C00003121","C09648"
"C00003123","C09651"
"C00003124","C09652"
"C00003125","C09653"
"C00003126","C09657"
"C00003127","C09658"
"C00003128","C09660"
"C00003129","C09662"
"C00003130","C09665"
"C00003131","C09666"
"C00003132","C01126"
"C00003132","C01493"
"C00003133","C09668"
"C00003134","C09672"
"C00003135","C09673"
"C00003136","C07667"
"C00003137","C09674"
"C00003138","C09675"
"C00003139","C09676"
"C00003140","C09677"
"C00003141","C09678"
"C00003142","C09679"
"C00003143","C09680"
"C00003144","C09681"
"C00003145","C09682"
"C00003146","C09683"
"C00003147","C09684"
"C00003148","C09685"
"C00003149","C09686"
"C00003150","C09687"
"C00003151","C09688"
"C00003152","C09689"
"C00003153","C09690"
"C00003154","C11350"
"C00003155","C09692"
"C00003156","C09693"
"C00003157","C09694"
"C00003158","C09695"
"C00003159","C09696"
"C00003160","C09697"
"C00003161","C09698"
"C00003162","C09699"
"C00003163","C09700"
"C00003164","C09701"
"C00003165","C09702"
"C00003166","C09704"
"C00003167","C06080"
"C00003168","C09705"
"C00003169","C09706"
"C00003170","C09707"
"C00003171","C09708"
"C00003172","C09709"
"C00003173","C09710"
"C00003174","C09711"
"C00003175","C09712"
"C00003176","C06079"
"C00003177","C09714"
"C00003178","C09715"
"C00003179","C09716"
"C00003180","C09717"
"C00003181","C09718"
"C00003182","C09719"
"C00003183","C09720"
"C00003184","C09721"
"C00003185","C09722"
"C00003186","C09723"
"C00003187","C09725"
"C00003188","C09729"
"C00003189","C09730"
"C00003190","C09733"
"C00003191","C09737"
"C00003192","C09738"
"C00003193","C09739"
"C00003194","C09740"
"C00003195","C09741"
"C00003196","C09742"
"C00003197","C09743"
"C00003198","C09744"
"C00003199","C09745"
"C00003200","C09746"
"C00003201","C09747"
"C00003202","C09748"
"C00003203","C09749"
"C00003204","C09750"
"C00003205","C09287"
"C00003206","C09288"
"C00003208","C09290"
"C00003209","C09291"
"C00003210","C09292"
"C00003211","C09293"
"C00003212","C09294"
"C00003213","C09295"
"C00003214","C09296"
"C00003215","C09297"
"C00003216","C09298"
"C00003217","C09299"
"C00003218","C09300"
"C00003219","C09303"
"C00003220","C09304"
"C00003221","C09344"
"C00003222","C09345"
"C00003223","C09346"
"C00003224","C09349"
"C00003225","C09350"
"C00003226","C09351"
"C00003227","C09353"
"C00003228","C09355"
"C00003229","C09356"
"C00003230","C09359"
"C00003231","C09361"
"C00003232","C09362"
"C00003233","C09363"
"C00003234","C09373"
"C00003235","C09374"
"C00003236","C09376"
"C00003237","C09378"
"C00003238","C09379"
"C00003239","C09381"
"C00003240","C09382"
"C00003241","C09383"
"C00003242","C09384"
"C00003243","C09385"
"C00003244","C09386"
"C00003245","C09387"
"C00003246","C09388"
"C00003247","C09392"
"C00003248","C09394"
"C00003249","C09395"
"C00003250","C09396"
"C00003251","C09397"
"C00003252","C09399"
"C00003253","C09401"
"C00003254","C09404"
"C00003255","C09405"
"C00003256","C09406"
"C00003257","C09407"
"C00003258","C09408"
"C00003259","C09409"
"C00003260","C09412"
"C00003261","C09413"
"C00003262","C09414"
"C00003263","C09416"
"C00003264","C09417"
"C00003265","C09425"
"C00003266","C09427"
"C00003267","C09428"
"C00003268","C09429"
"C00003269","C09431"
"C00003270","C09432"
"C00003271","C09433"
"C00003272","C09434"
"C00003273","C09435"
"C00003274","C09436"
"C00003275","C09437"
"C00003276","C09439"
"C00003277","C09440"
"C00003278","C09442"
"C00003279","C09443"
"C00003280","C09447"
"C00003281","C09448"
"C00003282","C09449"
"C00003283","C09450"
"C00003284","C09451"
"C00003285","C09452"
"C00003286","C09453"
"C00003287","C09454"
"C00003288","C09455"
"C00003289","C09456"
"C00003290","C09463"
"C00003291","C09465"
"C00003292","C09466"
"C00003293","C09467"
"C00003294","C09468"
"C00003295","C09469"
"C00003296","C09470"
"C00003297","C09472"
"C00003298","C09473"
"C00003299","C09475"
"C00003300","C09476"
"C00003301","C09477"
"C00003302","C09480"
"C00003303","C09480"
"C00003303","C09481"
"C00003304","C09482"
"C00003305","C09483"
"C00003306","C09484"
"C00003307","C09485"
"C00003308","C09486"
"C00003309","C09487"
"C00003310","C09488"
"C00003311","C09489"
"C00003312","C09490"
"C00003313","C09491"
"C00003314","C09492"
"C00003315","C09493"
"C00003316","C09494"
"C00003317","C09495"
"C00003318","C09496"
"C00003319","C09497"
"C00003321","C09499"
"C00003322","C09500"
"C00003323","C09501"
"C00003324","C09502"
"C00003325","C09503"
"C00003326","C09504"
"C00003327","C09506"
"C00003328","C09507"
"C00003329","C09508"
"C00003330","C09509"
"C00003331","C09510"
"C00003332","C09511"
"C00003333","C09512"
"C00003334","C09513"
"C00003335","C09514"
"C00003336","C09515"
"C00003337","C09516"
"C00003338","C09517"
"C00003339","C09518"
"C00003340","C09519"
"C00003341","C09520"
"C00003342","C09521"
"C00003343","C09522"
"C00003344","C09523"
"C00003345","C07609"
"C00003346","C09525"
"C00003347","C09526"
"C00003348","C09527"
"C00003349","C09528"
"C00003350","C09529"
"C00003351","C09530"
"C00003352","C09531"
"C00003353","C09532"
"C00003354","C09533"
"C00003355","C09534"
"C00003357","C09536"
"C00003358","C09537"
"C00003359","C09538"
"C00003360","C09539"
"C00003361","C09540"
"C00003362","C09542"
"C00003363","C09544"
"C00003364","C02206"
"C00003365","C09545"
"C00003366","C09547"
"C00003367","C09548"
"C00003368","C09551"
"C00003369","C09552"
"C00003370","C09554"
"C00003371","C09556"
"C00003372","C09557"
"C00003373","C09559"
"C00003374","C09560"
"C00003375","C09561"
"C00003376","C09562"
"C00003377","C09563"
"C00003378","C09564"
"C00003379","C09566"
"C00003380","C09568"
"C00003381","C09570"
"C00003382","C09572"
"C00003383","C09574"
"C00003384","C09576"
"C00003385","C09577"
"C00003386","C09578"
"C00003387","C09579"
"C00003388","C09583"
"C00003389","C09584"
"C00003390","C09585"
"C00003391","C09586"
"C00003392","C09587"
"C00003393","C09600"
"C00003394","C09601"
"C00003395","C09603"
"C00003396","C09605"
"C00003397","C09606"
"C00003398","C09607"
"C00003399","C09057"
"C00003400","C09058"
"C00003401","C09059"
"C00003402","C09061"
"C00003403","C09062"
"C00003404","C09063"
"C00003405","C09064"
"C00003406","C09065"
"C00003407","C09066"
"C00003408","C09067"
"C00003409","C09068"
"C00003410","C09069"
"C00003411","C09070"
"C00003412","C09071"
"C00003413","C09073"
"C00003414","C09074"
"C00003415","C09075"
"C00003416","C09076"
"C00003417","C09077"
"C00003418","C09078"
"C00003419","C09079"
"C00003420","C09080"
"C00003421","C09081"
"C00003422","C09086"
"C00003423","C09087"
"C00003424","C09090"
"C00003425","C09091"
"C00003426","C09092"
"C00003427","C09093"
"C00003428","C09094"
"C00003429","C07601"
"C00003430","C09095"
"C00003431","C09096"
"C00003432","C09101"
"C00003433","C09102"
"C00003434","C09103"
"C00003435","C09108"
"C00003436","C09109"
"C00003437","C09110"
"C00003438","C09111"
"C00003439","C09112"
"C00003440","C09113"
"C00003441","C09114"
"C00003442","C09115"
"C00003443","C09117"
"C00003444","C09118"
"C00003445","C09119"
"C00003446","C09120"
"C00003447","C09121"
"C00003448","C09122"
"C00003449","C09124"
"C00003450","C09125"
"C00003451","C09127"
"C00003452","C09128"
"C00003453","C09132"
"C00003454","C09134"
"C00003455","C09135"
"C00003456","C09136"
"C00003457","C09137"
"C00003458","C09140"
"C00003459","C09143"
"C00003460","C09145"
"C00003461","C09148"
"C00003462","C09150"
"C00003463","C09151"
"C00003464","C09153"
"C00003465","C09155"
"C00003466","C09157"
"C00003467","C01389"
"C00003468","C09159"
"C00003469","C09161"
"C00003470","C09163"
"C00003471","C09166"
"C00003472","C09168"
"C00003473","C09169"
"C00003474","C09171"
"C00003475","C09175"
"C00003476","C09177"
"C00003477","C09178"
"C00003478","C09179"
"C00003479","C09180"
"C00003480","C09182"
"C00003481","C09184"
"C00003482","C09185"
"C00003483","C09186"
"C00003484","C09188"
"C00003485","C09189"
"C00003486","C09190"
"C00003487","C09192"
"C00003488","C09194"
"C00003489","C09196"
"C00003490","C09198"
"C00003491","C05151"
"C00003492","C09201"
"C00003493","C09202"
"C00003494","C09204"
"C00003495","C09205"
"C00003496","C08920"
"C00003497","C08921"
"C00003498","C08922"
"C00003499","C08923"
"C00003500","C08924"
"C00003501","C08925"
"C00003502","C08926"
"C00003503","C08927"
"C00003504","C08930"
"C00003505","C08931"
"C00003506","C08932"
"C00003507","C08933"
"C00003508","C08934"
"C00003509","C08935"
"C00003510","C08936"
"C00003511","C08937"
"C00003512","C08938"
"C00003513","C08939"
"C00003514","C08940"
"C00003515","C08941"
"C00003516","C08942"
"C00003517","C08943"
"C00003518","C08944"
"C00003519","C08945"
"C00003520","C08946"
"C00003521","C02283"
"C00003522","C02284"
"C00003523","C08947"
"C00003524","C08949"
"C00003525","C08950"
"C00003526","C08952"
"C00003527","C08953"
"C00003528","C08954"
"C00003529","C08955"
"C00003530","C08956"
"C00003531","C08957"
"C00003532","C08958"
"C00003533","C08959"
"C00003534","C08960"
"C00003535","C08961"
"C00003536","C08962"
"C00003537","C08963"
"C00003538","C08964"
"C00003539","C08965"
"C00003540","C08966"
"C00003541","C08967"
"C00003542","C08968"
"C00003543","C08969"
"C00003544","C08970"
"C00003545","C08971"
"C00003546","C08972"
"C00003547","C08973"
"C00003548","C08975"
"C00003549","C08976"
"C00003550","C08977"
"C00003551","C08978"
"C00003552","C08982"
"C00003553","C08983"
"C00003554","C08984"
"C00003555","C08985"
"C00003556","C08986"
"C00003557","C08987"
"C00003558","C08988"
"C00003559","C08989"
"C00003560","C08990"
"C00003561","C08991"
"C00003562","C08885"
"C00003563","C08886"
"C00003564","C08887"
"C00003565","C08888"
"C00003566","C08889"
"C00003567","C08890"
"C00003568","C08891"
"C00003569","C08892"
"C00003570","C08893"
"C00003571","C08894"
"C00003572","C08895"
"C00003573","C08896"
"C00003574","C00765"
"C00003575","C08897"
"C00003576","C08898"
"C00003577","C08899"
"C00003578","C08900"
"C00003579","C08901"
"C00003580","C08902"
"C00003581","C04715"
"C00003582","C08904"
"C00003583","C08905"
"C00003584","C08906"
"C00003585","C08907"
"C00003586","C08908"
"C00003587","C08909"
"C00003588","C08910"
"C00003589","C08911"
"C00003590","C03963"
"C00003591","C08912"
"C00003592","C08913"
"C00003593","C08914"
"C00003594","C08915"
"C00003595","C08916"
"C00003596","C08917"
"C00003597","C08918"
"C00003598","C08919"
"C00003599","C08843"
"C00003600","C08845"
"C00003601","C08847"
"C00003602","C08848"
"C00003603","C08849"
"C00003604","C08850"
"C00003605","C08851"
"C00003606","C08852"
"C00003607","C08853"
"C00003608","C08854"
"C00003609","C08855"
"C00003610","C12091"
"C00003611","C08857"
"C00003612","C08858"
"C00003613","C08859"
"C00003614","C08860"
"C00003615","C08861"
"C00003616","C08862"
"C00003617","C06955"
"C00003618","C06956"
"C00003619","C08863"
"C00003620","C08864"
"C00003621","C08865"
"C00003622","C08866"
"C00003623","C08867"
"C00003624","C08868"
"C00003625","C08869"
"C00003626","C08870"
"C00003627","C08871"
"C00003628","C08872"
"C00003629","C08873"
"C00003630","C08874"
"C00003631","C08875"
"C00003632","C08876"
"C00003633","C01443"
"C00003634","C08877"
"C00003635","C08878"
"C00003636","C08879"
"C00003637","C08880"
"C00003638","C08881"
"C00003639","C08882"
"C00003640","C08883"
"C00003641","C08884"
"C00003642","C08810"
"C00003643","C08811"
"C00003644","C00280"
"C00003645","C08812"
"C00003646","C08813"
"C00003647","C01789"
"C00003648","C00187"
"C00003649","C08816"
"C00003650","C01902"
"C00003651","C00477"
"C00003652","C01694"
"C00003653","C08817"
"C00003654","C02633"
"C00003655","C08819"
"C00003656","C08821"
"C00003657","C01724"
"C00003658","C08823"
"C00003659","C08825"
"C00003660","C08829"
"C00003661","C08830"
"C00003662","C08831"
"C00003663","C00468"
"C00003664","C08832"
"C00003665","C08833"
"C00003666","C08834"
"C00003667","C08835"
"C00003668","C08836"
"C00003669","C08837"
"C00003670","C08838"
"C00003671","C08839"
"C00003672","C01753"
"C00003673","C08840"
"C00003674","C05442"
"C00003675","C00535"
"C00003676","C08841"
"C00003677","C08842"
"C00003678","C08789"
"C00003679","C08790"
"C00003680","C08791"
"C00003681","C08792"
"C00003682","C08793"
"C00003683","C08794"
"C00003684","C08795"
"C00003685","C08796"
"C00003686","C08797"
"C00003687","C08798"
"C00003688","C08799"
"C00003689","C08800"
"C00003690","C08801"
"C00003691","C08803"
"C00003692","C08804"
"C00003693","C08805"
"C00003694","C08806"
"C00003695","C08807"
"C00003696","C08746"
"C00003697","C08747"
"C00003698","C08748"
"C00003699","C08749"
"C00003700","C08750"
"C00003701","C08751"
"C00003702","C08752"
"C00003703","C08753"
"C00003704","C08754"
"C00003705","C08755"
"C00003706","C08756"
"C00003707","C08757"
"C00003708","C08758"
"C00003709","C08759"
"C00003710","C08760"
"C00003711","C08763"
"C00003712","C08764"
"C00003713","C08765"
"C00003714","C08766"
"C00003715","C08767"
"C00003716","C08768"
"C00003717","C08769"
"C00003718","C08770"
"C00003719","C03514"
"C00003720","C08771"
"C00003721","C08772"
"C00003722","C08773"
"C00003723","C08775"
"C00003724","C08776"
"C00003725","C08777"
"C00003726","C08778"
"C00003727","C08779"
"C00003728","C08780"
"C00003729","C08781"
"C00003730","C08782"
"C00003731","C08783"
"C00003732","C08784"
"C00003733","C08785"
"C00003734","C08786"
"C00003735","C08787"
"C00003736","C08788"
"C00003737","C08615"
"C00003738","C08616"
"C00003739","C08617"
"C00003740","C08618"
"C00003741","C08619"
"C00003742","C08621"
"C00003743","C08622"
"C00003744","C08623"
"C00003745","C08624"
"C00003746","C08625"
"C00003747","C08626"
"C00003748","C08627"
"C00003749","C08628"
"C00003750","C08630"
"C00003751","C08631"
"C00003752","C08632"
"C00003753","C08633"
"C00003754","C08634"
"C00003755","C00751"
"C00003756","C08635"
"C00003757","C08636"
"C00003758","C08637"
"C00003759","C08638"
"C00003760","C08579"
"C00003761","C08581"
"C00003762","C08582"
"C00003763","C08584"
"C00003764","C08585"
"C00003765","C05433"
"C00003766","C08586"
"C00003767","C08587"
"C00003768","C08588"
"C00003769","C08589"
"C00003770","C08590"
"C00003771","C08593"
"C00003772","C08594"
"C00003773","C08596"
"C00003774","C08597"
"C00003775","C08599"
"C00003776","C08601"
"C00003777","C08602"
"C00003778","C08603"
"C00003779","C08605"
"C00003780","C08606"
"C00003780","C13431"
"C00003781","C08607"
"C00003782","C08608"
"C00003783","C08609"
"C00003784","C08610"
"C00003785","C08611"
"C00003786","C08613"
"C00003787","C08614"
"C00003794","C10028"
"C00003795","C11621"
"C00003799","C14344"
"C00003800","C12123"
"C00003808","C10024"
"C00003817","C01477"
"C00003820","C01470"
"C00003826","C10047"
"C00003834","C10184"
"C00003841","C14472"
"C00003845","C10040"
"C00003848","C10097"
"C00003879","C14476"
"C00003883","C15109"
"C00003884","C10072"
"C00003886","C10119"
"C00003930","C09982"
"C00003931","C10191"
"C00003969","C14942"
"C00003977","C14953"
"C00004011","C11325"
"C00004157","C12627"
"C00004175","C10020"
"C00004266","C03951"
"C00004283","C12630"
"C00004362","C10039"
"C00004533","C10044"
"C00004534","C11577"
"C00004540","C10037"
"C00004562","C10036"
"C00004565","C05903"
"C00004579","C10041"
"C00004624","C10105"
"C00004631","C00389"
"C00004632","C04443"
"C00004633","C10022"
"C00004634","C10176"
"C00004635","C10084"
"C00004636","C10188"
"C00004638","C01265"
"C00004646","C10117"
"C00004647","C04444"
"C00004677","C10122"
"C00004680","C10118"
"C00004684","C10021"
"C00004685","C04581"
"C00004692","C04552"
"C00004696","C10116"
"C00004704","C10030"
"C00004721","C04109"
"C00004724","C04527"
"C00004763","C12633"
"C00004767","C11620"
"C00004895","C10120"
"C00004956","C00616"
"C00004960","C01155"
"C00004961","C01156"
"C00004962","C03897"
"C00004963","C03898"
"C00004988","C11576"
"C00004990","C11581"
"C00005004","C11580"
"C00005099","C10194"
"C00005137","C12626"
"C00005138","C12249"
"C00005165","C12634"
"C00005208","C12635"
"C00005226","C10178"
"C00005372","C10073"
"C00005373","C05623"
"C00005374","C01750"
"C00005382","C03430"
"C00005382","C12639"
"C00005409","C12667"
"C00005413","C05625"
"C00005446","C12668"
"C00005452","C10175"
"C00005690","C10051"
"C00005730","C10108"
"C00005956","C12638"
"C00006094","C10524"
"C00006118","C10420"
"C00006177","C10181"
"C00006180","C10416"
"C00006184","C10026"
"C00006188","C10109"
"C00006208","C03870"
"C00006217","C12628"
"C00006224","C08064"
"C00006229","C10195"
"C00006230","C10196"
"C00006231","C10102"
"C00006278","C12629"
"C00006382","C10110"
"C00006392","C04024"
"C00006610","C08574"
"C00006611","C08652"
"C00006613","C08575"
"C00006614","C05905"
"C00006615","C08729"
"C00006616","C08646"
"C00006619","C08643"
"C00006630","C12137"
"C00006639","C12644"
"C00006652","C08647"
"C00006698","C12138"
"C00006705","C16307"
"C00006708","C16315"
"C00006709","C16312"
"C00006722","C12139"
"C00006735","C12140"
"C00006755","C12642"
"C00006756","C16368"
"C00006767","C12640"
"C00006775","C12641"
"C00006777","C08723"
"C00006778","C12647"
"C00006801","C16369"
"C00006824","C16299"
"C00006886","C08653"
"C00006925","C08650"
"C00006927","C15531"
"C00006933","C16404"
"C00006941","C08578"
"C00006969","C08724"
"C00006973","C15525"
"C00006974","C16405"
"C00006994","C01592"
"C00006995","C02922"
"C00007099","C16417"
"C00007190","C05366"
"C00007190","C10872"
"C00007222","C01762"
"C00007223","C00044"
"C00007224","C00130"
"C00007226","C03506"
"C00007227","C00449"
"C00007228","C00921"
"C00007229","C03794"
"C00007230","C00021"
"C00007231","C00307"
"C00007232","C05904"
"C00007233","C06561"
"C00007234","C00974"
"C00007235","C05906"
"C00007236","C13455"
"C00007237","C00617"
"C00007238","C00167"
"C00007239","C04713"
"C00007240","C13453"
"C00007241","C02741"
"C00007242","C16775"
"C00007244","C01222"
"C00007245","C00325"
"C00007246","C00096"
"C00007247","C06427"
"C00007248","C00415"
"C00007249","C00101"
"C00007250","C00143"
"C00007251","C00234"
"C00007252","C00440"
"C00007253","C06090"
"C00007255","C05427"
"C00007256","C00003"
"C00007258","C00010"
"C00007259","C00024"
"C00007260","C00083"
"C00007261","C15780"
"C00007262","C15792"
"C00007263","C00540"
"C00007264","C00406"
"C00007265","C00438"
"C00007266","C00283"
"C00007267","C00014"
"C00007268","C00448"
"C00007269","C00332"
"C00007270","C00356"
"C00007271","C15781"
"C00007272","C15777"
"C00007273","C15789"
"C00007274","C15800"
"C00007275","C15790"
"C00007277","C15798"
"C00007278","C15801"
"C00007279","C00189"
"C00007280","C00223"
"C00007281","C00323"
"C00007282","C01054"
"C00007283","C00411"
"C00007284","C03263"
"C00007285","C00661"
"C00007285","C16670"
"C00007286","C00597"
"C00007287","C01005"
"C00007288","C00093"
"C00007289","C04145"
"C00007290","C00181"
"C00007290","C01394"
"C00007291","C00719"
"C00007292","C11437"
"C00007293","C01182"
"C00007294","C00235"
"C00007295","C11453"
"C00007296","C00119"
"C00007297","C11434"
"C00007298","C00114"
"C00007299","C00588"
"C00007301","C00366"
"C00007302","C00337"
"C00007303","C00257"
"C00007304","C01107"
"C00007305","C00085"
"C00007306","C00092"
"C00007307","C00275"
"C00007308","C01267"
"C00007309","C00544"
"C00007310","C12206"
"C00007311","C00105"
"C00007312","C04874"
"C00007313","C00015"
"C00007314","C00086"
"C00007315","C05778"
"C00007316","C02139"
"C00007321","C11523"
"C00007322","C15782"
"C00007323","C00736"
"C00007323","C00793"
"C00007324","C16427"
"C00007325","C15545"
"C00007326","C16353"
"C00007327","C16075"
"C00007328","C01533"
"C00007331","C11853"
"C00007336","C05619"
"C00007337","C12205"
"C00007338","C00826"
"C00007339","C00931"
"C00007343","C08411"
"C00007344","C08409"
"C00007345","C08400"
"C00007346","C02153"
"C00007347","C00019"
"C00007350","C08417"
"C00007351","C02739"
"C00007360","C11872"
"C00007361","C12203"
"C00007363","C14151"
"C00007364","C14152"
"C00007365","C02483"
"C00007366","C02477"
"C00007367","C02141"
"C00007368","C01943"
"C00007369","C03516"
"C00007370","C02191"
"C00007371","C01079"
"C00007372","C04536"
"C00007373","C01051"
"C00007374","C01024"
"C00007375","C02463"
"C00007376","C05307"
"C00007377","C03090"
"C00007378","C00430"
"C00007379","C03741"
"C00007380","C05422"
"C00007381","C03722"
"C00007382","C00108"
"C00007383","C04677"
"C00007384","C04302"
"C00007385","C01102"
"C00007386","C00354"
"C00007388","C01115"
"C00007389","C00636"
"C00007390","C00052"
"C00007391","C00446"
"C00007391","C03384"
"C00007392","C00084"
"C00007393","C00956"
"C00007395","C03838"
"C00007396","C00655"
"C00007397","C16516"
"C00007403","C01879"
"C00007404","C00986"
"C00007405","C02502"
"C00007407","C02979"
"C00007408","C00009"
"C00007409","C01380"
"C00007409","C15588"
"C00007410","C00583"
"C00007412","C01796"
"C00007413","C02154"
"C00007415","C01020"
"C00007417","C01384"
"C00007418","C17203"
"C00007422","C17076"
"C00007423","C16537"
"C00007440","C08285"
"C00007441","C00665"
"C00007442","C01967"
"C00007443","C03227"
"C00007444","C00212"
"C00007445","C00224"
"C00007446","C00053"
"C00007447","C01185"
"C00007448","C01134"
"C00007450","C01302"
"C00007451","C00689"
"C00007452","C16688"
"C00007455","C02280"
"C00007456","C00842"
"C00007457","C00266"
"C00007458","C00164"
"C00007459","C00979"
"C00007460","C01245"
"C00007461","C00160"
"C00007462","C00154"
"C00007463","C00802"
"C00007464","C00957"
"C00007465","C02766"
"C00007466","C00603"
"C00007467","C02091"
"C00007468","C01551"
"C00007469","C00441"
"C00007470","C00499"
"C00007471","C03082"
"C00007472","C00279"
"C00007473","C00117"
"C00007474","C01180"
"C00007475","C01165"
"C00007476","C17211"
"C00007477","C00966"
"C00007478","C04666"
"C00007479","C00860"
"C00007480","C01100"
"C00007482","C00103"
"C00007483","C01177"
"C00007484","C01220"
"C00007485","C03434"
"C00007486","C07099"
"C00007487","C07097"
"C00007488","C06329"
"C00007489","C03586"
"C00007490","C02480"
"C00007492","C03824"
"C00007493","C02220"
"C00007494","C01279"
"C00007495","C01929"
"C00007496","C02575"
"C00007497","C04691"
"C00007498","C02291"
"C00007499","C01163"
"C00007500","C03340"
"C00007501","C01300"
"C00007502","C03972"
"C00007503","C00018"
"C00007504","C00534"
"C00007505","C00627"
"C00007506","C00647"
"C00007507","C00669"
"C00007508","C01036"
"C00007509","C00250"
"C00007510","C04895"
"C00007511","C10945"
"C00007512","C01179"
"C00007513","C00169"
"C00007514","C15785"
"C00007516","C15787"
"C00007517","C15788"
"C00007518","C15795"
"C00007519","C15796"
"C00007520","C15797"
"C00007521","C15799"
"C00007522","C15803"
"C00007523","C11508"
"C00007524","C15776"
"C00007527","C15783"
"C00007530","C00059"
"C00007531","C11821"
"C00007532","C12248"
"C00007533","C01987"
"C00007535","C00601"
"C00007536","C00582"
"C00007537","C13051"
"C00007540","C00836"
"C00007541","C01120"
"C00007542","C00517"
"C00007545","C08419"
"C00007556","C16447"
"C00007557","C16235"
"C00007559","C03141"
"C00007560","C00111"
"C00007561","C00988"
"C00007562","C00546"
"C00007563","C00168"
"C00007564","C00118"
"C00007565","C05840"
"C00007566","C01234"
"C00007567","C11811"
"C00007568","C00632"
"C00007569","C01326"
"C00007571","C00331"
"C00007572","C16352"
"C00007583","C01103"
"C00007586","C08415"
"C00007593","C08401"
"C00007594","C17217"
"C00007595","C00680"
"C00007596","C00666"
"C00007597","C04421"
"C00007598","C04462"
"C00007599","C01061"
"C00007603","C16441"
"C00007604","C00328"
"C00007605","C02700"
"C00007606","C03912"
"C00007607","C04556"
"C00007608","C04327"
"C00007609","C04752"
"C00007610","C04294"
"C00007611","C12204"
"C00007614","C00885"
"C00007615","C01143"
"C00007619","C00158"
"C00007620","C11435"
"C00007621","C11436"
"C00007622","C00522"
"C00007623","C00141"
"C00007626","C00748"
"C00007627","C01269"
"C00007630","C16776"
"C00007636","C06394"
"C00007637","C12142"
"C00007643","C17224"
"C00007644","C17218"
"C00007645","C17220"
"C00007646","C17214"
"C00007647","C17210"
"C00007648","C17216"
"C00007649","C17233"
"C00007650","C17230"
"C00007651","C17232"
"C00007652","C17229"
"C00007653","C17226"
"C00007654","C17228"
"C00007662","C03319"
"C00007672","C03719"
"C00007674","C16074"
"C00007675","C03098"
"C00007676","C17251"
"C00007677","C17253"
"C00007758","C10749"
"C00007881","C16406"
"C00007926","C09618"
"C00007929","C09644"
"C00007936","C00774"
"C00007994","C09975"
"C00008024","C08644"
"C00008026","C08730"
"C00008027","C08576"
"C00008029","C08720"
"C00008030","C08651"
"C00008031","C08577"
"C00008046","C16409"
"C00008060","C16410"
"C00008126","C14290"
"C00008144","C16419"
"C00008234","C15118"
"C00008239","C09734"
"C00008277","C15019"
"C00008295","C09732"
"C00008297","C16422"
"C00008342","C05911"
"C00008594","C09770"
"C00008607","C09753"
"C00008662","C16808"
"C00008703","C09803"
"C00008731","C16418"
"C00008743","C09967"
"C00008764","C09478"
"C00008768","C09636"
"C00008805","C12128"
"C00008808","C14079"
"C00008817","C12127"
"C00008818","C12136"
"C00008822","C09735"
"C00008852","C09617"
"C00008975","C12124"
"C00008977","C05907"
"C00008991","C05906"
"C00008992","C05909"
"C00009125","C10231"
"C00009380","C10208"
"C00009382","C12125"
"C00009383","C02495"
"C00009384","C14313"
"C00009385","C14314"
"C00009389","C01562"
"C00009392","C14536"
"C00009413","C16188"
"C00009453","C12134"
"C00009457","C12135"
"C00009535","C03567"
"C00009539","C16227"
"C00009553","C02675"
"C00009558","C10207"
"C00009677","C16230"
"C00009685","C15511"
"C00009688","C15509"
"C00009707","C14131"
"C00010083","C16222"
"C00010089","C16195"
"C00010117","C12625"
"C00010137","C10465"
"C00010183","C16223"
"C00010184","C16224"
"C00010186","C10538"
"C00010268","C09920"
"C00010301","C11389"
"C00010309","C11384"
"C00010392","C17103"
"C00010394","C17102"
"C00010402","C17104"
"C00010453","C17106"
"C00010454","C17105"
"C00010457","C17107"
"C00010462","C17110"
"C00010463","C17109"
"C00010464","C17108"
"C00010564","C11673"
"C00010581","C16809"
"C00010590","C11644"
"C00010597","C11645"
"C00010604","C01512"
"C00010613","C11671"
"C00010645","C11640"
"C00010709","C11654"
"C00010724","C16752"
"C00010791","C11674"
"C00010868","C06099"
"C00010870","C11924"
"C00010873","C11392"
"C00010885","C02452"
"C00010889","C01951"
"C00010890","C02289"
"C00010891","C11383"
"C00010902","C11952"
"C00010903","C11390"
"C00010926","C03039"
"C00010931","C09902"
"C00010932","C11393"
"C00010937","C11396"
"C00010947","C11401"
"C00010979","C16778"
"C00011023","C01765"
"C00011024","C01766"
"C00011027","C11387"
"C00011044","C11382"
"C00011045","C09839"
"C00011054","C09911"
"C00011153","C10788"
"C00011201","C07541"
"C00011400","C07287"
"C00011445","C16779"
"C00011512","C07605"
"C00011607","C09621"
"C00011617","C09649"
"C00011651","C16773"
"C00011654","C17111"
"C00011692","C17112"
"C00011720","C16142"
"C00011941","C17113"
"C00012419","C09535"
"C00012454","C16829"
"C00012474","C09691"
"C00012601","C01860"
"C00012893","C09289"
"C00013027","C09498"
"C00013224","C16286"
"C00013301","C14985"
"C00013328","C10192"
"C00013329","C10193"
"C00013592","C01175"
"C00013593","C02222"
"C00013595","C10032"
"C00013596","C10186"
"C00014039","C16491"
"C00014808","C16303"
"C00014820","C16351"
"C00014894","C02777"
"C00015180","C15846"
"C00015218","C05707"
"C00015234","C14721"
"C00015653","C15702"
"C00015654","C15703"
"C00015655","C15704"
"C00015656","C15705"
"C00015907","C12037"
"C00015999","C12390"
"C00016021","C06802"
"C00016023","C15712"
"C00016029","C15753"
"C00016052","C06689"
"C00016063","C02010"
"C00016077","C01776"
"C00016287","C05324"
"C00016361","C15727"
"C00016540","C11975"
"C00016576","C15728"
"C00016646","C08442"
"C00016684","C15695"
"C00016733","C15757"
"C00016800","C06773"
"C00016801","C06774"
"C00016803","C06777"
"C00016804","C06780"
"C00016806","C16885"
"C00016807","C16886"
"C00016835","C12395"
"C00016853","C15688"
"C00016893","C15742"
"C00016901","C13727"
"C00016902","C13722"
"C00016927","C11300"
"C00016928","C12057"
"C00016943","C15711"
"C00017043","C06775"
"C00017127","C06973"
"C00017520","C16028"
"C00017528","C11471"
"C00017555","C15677"
"C00017560","C15684"
"C00017595","C06786"
"C00017622","C12014"
"C00017629","C12117"
"C00017631","C12102"
"C00017648","C12220"
"C00017655","C12393"
"C00017659","C15764"
"C00017683","C15710"
"C00017707","C12421"
"C00017718","C12381"
"C00017728","C12006"
"C00017730","C12056"
"C00017731","C11688"
"C00017761","C06667"
"C00017818","C12016"
"C00017825","C12413"
"C00017826","C12406"
"C00017830","C12411"
"C00017872","C05372"
"C00017921","C12423"
"C00017923","C06788"
"C00017936","C12369"
"C00017937","C12368"
"C00017940","C12402"
"C00017954","C12032"
"C00017972","C00563"
"C00017999","C02868"
"C00018019","C15690"
"C00018030","C06799"
"C00018031","C02052"
"C00018035","C12023"
"C00018055","C07909"
"C00018062","C12202"
"C00018064","C11511"
"C00018078","C00732"
"C00018088","C01941"
"C00018091","C06662"
"C00018092","C11755"
"C00018095","C06257"
"C00018096","C12437"
"C00018097","C15755"
"C00018099","C16700"
"C00018105","C12099"
"C00018116","C14183"
"C00018117","C14043"
"C00018127","C02079"
"C00018183","C01700"
"C00018188","C01552"
"C00018209","C12246"
"C00018212","C06664"
"C00018213","C04353"
"C00018229","C00272"
"C00018269","C12045"
"C00018282","C15680"
"C00018283","C15681"
"C00018319","C15674"
"C00018343","C12429"
"C00018369","C14723"
"C00018395","C16747"
"C00018418","C11165"
"C00018437","C02400"
"C00018470","C12311"
"C00018471","C15756"
"C00018487","C15682"
"C00018488","C15683"
"C00018584","C12148"
"C00018630","C15536"
"C00018659","C11999"
"C00018660","C00252"
"C00018666","C05342"
"C00018668","C06681"
"C00018673","C13569"
"C00018679","C12905"
"C00018680","C11615"
"C00018683","C02161"
"C00018684","C02516"
"C00018684","C05669"
"C00018685","C01736"
"C00018685","C15586"
"C00018686","C07225"
"C00018686","C08030"
"C00018690","C01823"
"C00018692","C00825"
"C00018695","C15721"
"C00018701","C15758"
"C00018708","C12070"
"C00018710","C14056"
"C00018711","C12058"
"C00018712","C01849"
"C00018716","C00744"
"C00018719","C01688"
"C00018724","C06763"
"C00018726","C12491"
"C00018736","C12662"
"C00018737","C12212"
"C00018738","C06854"
"C00018739","C12412"
"C00018742","C14057"
"C00018743","C14058"
"C00018744","C14059"
"C00018745","C14060"
"C00018746","C14061"
"C00018747","C14062"
"C00018750","C11609"
"C00018763","C16764"
"C00018774","C15679"
"C00018782","C01759"
"C00018785","C00773"
"C00018795","C11222"
"C00018797","C12112"
"C00018805","C13299"
"C00018807","C07648"
"C00018809","C06764"
"C00018813","C12394"
"C00018818","C12023"
"C00018850","C11259"
"C00018853","C01895"
"C00018876","C15218"
"C00018905","C15740"
"C00018906","C15757"
"C00018987","C01729"
"C00019056","C07290"
"C00019173","C16229"
"C00019281","C00559"
"C00019282","C00365"
"C00019283","C06228"
"C00019342","C00501"
"C00019343","C00004"
"C00019344","C01212"
"C00019345","C01170"
"C00019346","C00286"
"C00019347","C00020"
"C00019348","C14091"
"C00019349","C05815"
"C00019350","C01367"
"C00019351","C05401"
"C00019352","C00054"
"C00019353","C00008"
"C00019355","C00361"
"C00019356","C00362"
"C00019357","C04738"
"C00019358","C00043"
"C00019387","C16225"
"C00019434","C04442"
"C00019473","C16231"
"C00019543","C01101"
"C00019544","C03291"
"C00019545","C00005"
"C00019546","C00091"
"C00019548","C05345"
"C00019549","C00256"
"C00019550","C03451"
"C00019551","C00197"
"C00019552","C00236"
"C00019554","C04631"
"C00019555","C01050"
"C00019557","C00348"
"C00019558","C05235"
"C00019559","C00227"
"C00019560","C00469"
"C00019561","C00013"
"C00019570","C01077"
"C00019572","C11472"
"C00019574","C07836"
"C00019576","C00993"
"C00019577","C00217"
"C00019577","C00302"
"C00019578","C00692"
"C00019579","C06156"
"C00019580","C00352"
"C00019581","C04256"
"C00019582","C04257"
"C00019583","C00645"
"C00019584","C00270"
"C00019621","C01118"
"C00019627","C00068"
"C00019628","C01081"
"C00019629","C03539"
"C00019630","C02888"
"C00019632","C00254"
"C00019633","C04352"
"C00019634","C00508"
"C00019635","C00144"
"C00019636","C00460"
"C00019637","C00364"
"C00019638","C00644"
"C00019639","C00063"
"C00019642","C04376"
"C00019649","C00424"
"C00019650","C01721"
"C00019651","C01099"
"C00019652","C00861"
"C00019653","C01131"
"C00019654","C00133"
"C00019655","C03373"
"C00019656","C00555"
"C00019657","C03232"
"C00019658","C00900"
"C00019659","C03741"
"C00019660","C00385"
"C00019661","C00357"
"C00019662","C00094"
"C00019663","C02637"
"C00019664","C00944"
"C00019665","C01268"
"C00019673","C00942"
"C00019674","C00299"
"C00019675","C00109"
"C00019676","C01094"
"C00019677","C00233"
"C00019678","C04039"
"C00019679","C00387"
"C00019680","C01063"
"C00019681","C00124"
"C00019682","C00232"
"C00019683","C01097"
"C00019684","C00310"
"C00019685","C03492"
"C00019686","C00061"
"C00019687","C00445"
"C00019688","C03406"
"C00019689","C00295"
"C00019690","C02504"
"C00019691","C04411"
"C00019692","C00294"
"C00019693","C00231"
"C00019694","C00455"
"C00019695","C00459"
"C00019696","C00363"
"C00019697","C00526"
"C00019698","C00214"
"C00020051","C16815"
"C00020071","C16415"
"C00020091","C05908"
"C00020218","C11264"
"C00020635","C02549"
"C00020637","C05909"
"C00020647","C08716"
"C00021647","C17007"
"C00021799","C01841"
"C00022804","C16340"
"C00022806","C15907"
"C00022807","C05434"
"C00022813","C16276"
"C00022816","C15943"
"C00022819","C15908"
"C00022820","C15910"
"C00022822","C15867"
"C00022845","C15860"
"C00022847","C15859"
"C00022848","C15861"
"C00022851","C15911"
"C00022852","C15877"
"C00022854","C15870"
"C00022891","C15879"
"C00022893","C15881"
"C00022894","C15878"
"C00022898","C15888"
"C00022902","C15902"
"C00022906","C16282"
"C00022980","C15965"
"C00022996","C16279"
"C00022999","C16277"
"C00023013","C15884"
"C00023026","C15928"
"C00023064","C15885"
"C00023065","C16278"
"C00023134","C16145"
"C00023144","C16146"
"C00023214","C16291"
"C00023582","C13782"
"C00023617","C16753"
"C00023618","C16755"
"C00023619","C16754"
"C00023620","C16756"
"C00023634","C03686"
"C00023663","C16838"
"C00023664","C16838"
"C00023672","C15181"
"C00023743","C01802"
"C00023744","C01189"
"C00023747","C01164"
"C00023748","C05104"
"C00023749","C05437"
"C00023751","C04525"
"C00023755","C01694"
"C00023770","C01753"
"C00023773","C08836"
"C00023774","C05442"
"C00023776","C05108"
"C00023781","C05109"
"C00023799","C14495"
"C00023903","C06694"
"C00023944","C06088"
"C00023983","C10087"
"C00024000","C16748"
"C00024135","C08943"
"C00024204","C10068"
"C00024253","C10681"
"C00024284","C12075"
"C00024294","C06542"
"C00024300","C02074"
"C00024322","C01761"
"C00024338","C01761"
"C00024344","C09217"
"C00024346","C02074"
"C00024351","C12166"
"C00024353","C12237"
"C00024355","C12165"
"C00024361","C12190"
"C00024363","C12250"
"C00024370","C12164"
"C00024372","C12167"
"C00024382","C12168"
"C00024384","C12162"
"C00024385","C12167"
"C00024387","C12190"
"C00024391","C12174"
"C00024392","C12164"
"C00024405","C12233"
"C00024413","C12184"
"C00024414","C12173"
"C00024425","C12174"
"C00024429","C12163"
"C00024433","C12187"
"C00024436","C12232"
"C00024438","C12179"
"C00024446","C12193"
"C00024452","C09042"
"C00024459","C11783"
"C00024465","C09042"
"C00024472","C11783"
"C00024480","C11643"
"C00024481","C11675"
"C00024501","C11642"
"C00024529","C01091"
"C00024613","C01626"
"C00024623","C12242"
"C00024626","C12201"
"C00024634","C12227"
"C00024635","C12229"
"C00024636","C06327"
"C00024643","C05194"
"C00024644","C05316"
"C00024647","C05191"
"C00024655","C12226"
"C00024659","C12222"
"C00024660","C12227"
"C00024663","C06162"
"C00024667","C01795"
"C00024693","C08060"
"C00024767","C09634"
"C00024781","C16787"
"C00024908","C08687"
"C00024934","C08707"
"C00025138","C11683"
"C00025193","C11635"
"C00025213","C06522"
"C00025214","C11682"
"C00025252","C02890"
"C00025262","C05177"
"C00025268","C05176"
"C00025278","C09654"
"C00025302","C12336"
"C00025312","C12343"
"C00025315","C12338"
"C00025551","C12452"
"C00025552","C11381"
"C00025556","C12453"
"C00025557","C10868"
"C00025564","C06521"
"C00025616","C06511"
"C00025619","C05243"
"C00025632","C04118"
"C00025652","C06349"
"C00025729","C09156"
"C00025777","C09050"
"C00025812","C06161"
"C00025880","C06515"
"C00025922","C13931"
"C00025981","C06513"
"C00026041","C11691"
"C00026059","C12075"
"C00026087","C05174"
"C00026092","C02106"
"C00026095","C05175"
"C00026115","C15530"
"C00026136","C02915"
"C00026163","C16750"
"C00026164","C16751"
"C00026245","C10688"
"C00026252","C10733"
"C00026361","C16721"
"C00026381","C04284"
"C00026388","C16716"
"C00026411","C06530"
"C00026453","C01717"
"C00026478","C06413"
"C00026485","C02081"
"C00026494","C01717"
"C00026498","C04720"
"C00026521","C06213"
"C00026548","C17168"
"C00026817","C12254"
"C00026981","C11129"
"C00027107","C11048"
"C00027111","C06167"
"C00027138","C11250"
"C00027159","C05315"
"C00027281","C09339"
"C00027304","C09365"
"C00027305","C09366"
"C00027319","C10580"
"C00027353","C09423"
"C00027432","C02442"
"C00027467","C06533"
"C00027472","C11816"
"C00027481","C09640"
"C00027494","C09659"
"C00027516","C08469"
"C00027522","C05177"
"C00027550","C11815"
"C00027600","C12180"
"C00027603","C06171"
"C00027607","C12173"
"C00027627","C11689"
"C00027638","C12259"
"C00027647","C06349"
"C00027673","C05193"
"C00027777","C12201"
"C00027784","C12180"
"C00027824","C08656"
"C00027867","C09851"
"C00027872","C07235"
"C00027919","C13750"
"C00027924","C11590"
"C00027934","C09890"
"C00027948","C02010"
"C00027972","C08654"
"C00028005","C03329"
"C00028008","C13426"
"C00028042","C12167"
"C00028131","C09419"
"C00028162","C11813"
"C00028165","C08680"
"C00028198","C05316"
"C00028244","C11690"
"C00028252","C15694"
"C00028253","C12039"
"C00028300","C10807"
"C00028334","C09208"
"C00028344","C08687"
"C00028347","C13683"
"C00028351","C12257"
"C00028390","C12181"
"C00028430","C15675"
"C00028454","C09558"
"C00028509","C09881"
"C00028576","C08698"
"C00028578","C08699"
"C00028775","C06175"
"C00028793","C12186"
"C00028807","C15734"
"C00028808","C15736"
"C00028809","C15735"
"C00029041","C16841"
"C00029058","C03470"
"C00029148","C12182"
"C00029172","C12189"
"C00029202","C06544"
"C00029260","C12170"
"C00029335","C09873"
"C00029353","C08490"
"C00029354","C08362"
"C00029364","C10061"
"C00029420","C16843"
"C00029423","C14272"
"C00029459","C01502"
"C00029462","C02632"
"C00029471","C01744"
"C00029504","C05582"
"C00029528","C13637"
"C00029531","C00755"
"C00029532","C03766"
"C00029536","C02519"
"C00029547","C11101"
"C00029643","C00788"
"C00029674","C09902"
"C00029674","C16772"
"C00029811","C00556"
"C00029816","C12287"
"C00029828","C00486"
"C00029834","C01760"
"C00029961","C10438"
"C00029979","C16765"
"C00030074","C10605"
"C00030099","C12307"
"C00030100","C01633"
"C00030105","C13837"
"C00030117","C04483"
"C00030143","C07819"
"C00030152","C02277"
"C00030167","C01533"
"C00030246","C16501"
"C00030331","C14279"
"C00030410","C01921"
"C00030472","C01816"
"C00030479","C00249"
"C00030483","C01586"
"C00030498","C15517"
"C00030512","C01926"
"C00030540","C14743"
"C00030644","C02278"
"C00030694","C01727"
"C00030758","C01875"
"C00030760","C03425"
"C00030767","C12305"
"C00030804","C12307"
"C00030829","C01601"
"C00030830","C14696"
"C00030878","C01542"
"C00030880","C01545"
"C00030923","C16792"
